"vertex_id","egoid","size","edges","density","clustering","betweenness_centralization","degree_centralization","diameter","modularity","n_components","max_comp_size","prop_lcc","gender_1","race_1","parentincome_1","RegionUS","Extraversion_1","Openness_1","Agreeableness_1","Conscientiousness_1","Neuroticism_1","cluster_km"
10115,10115,8,16,0.571428571428571,1,0,0.142857142857143,1,0.1171875,2,6,0.75,"Male","African-American","$100,000 - $149,999","",3.25,3.3,4.7777777,4.6666665,1.75,3
10153,10153,31,84,0.172043010752688,0.6,0.263521552308909,0.294623655913978,4,0.44984375,7,25,0.806451612903226,"Male","White","$250,000 or more","East North Central",3.125,3,4.2222223,3.8888888,1.75,0
10237,10237,43,223,0.235880398671096,0.596168294515402,0.340188309805791,0.502214839424142,3,0.408571932376733,1,43,1,"Female","White","$150,000 - $199,999","South Atlantic",2.75,3.0999999,3.7777777,3.3333333,2.875,0
10469,10469,27,98,0.279202279202279,0.818823529411765,0.354497041420118,0.259259259259259,5,0.343763015410246,1,27,1,"Female","African-American","$100,000 - $149,999","East North Central",3.375,3,4.3333335,2.8888888,2.625,2
10547,10547,7,13,0.619047619047619,0.767441860465116,0.288888888888889,0.214285714285714,3,0.0473372781065089,1,7,1,"Male","White","$75,000 - $99,999","New England",3.75,3,3.3333333,3.3333333,3,3
10732,10732,22,224,0.731601731601732,0.817660550458716,0.0305427779577439,0.268398268398268,2,0.0828402366863905,1,22,1,"Female","White","$200,000 - $249,999","East North Central",4.125,3.3,4.3333335,4.1111112,3.125,3
11002,11002,41,368,0.391463414634146,0.865384615384615,0.461516272189349,0.183536585365854,4,0.458026416669093,1,41,1,"Male","White","$25,000 - $49,999","East North Central",3.125,3.2,5,4.5555553,1.375,2
11128,11128,18,71,0.457516339869281,0.686688311688312,0.187283737024221,0.42483660130719,3,0.161122448979592,1,18,1,"Male","White","$200,000 - $249,999","East North Central",4.125,4,4.3333335,3.3333333,2.25,1
11148,11148,15,71,0.657142857142857,0.84390243902439,0.179748822605965,0.342857142857143,2,0.192816635160681,1,15,1,"Male","White","$50,000 - $74,999","East South Central",3.5,3.4000001,4.1111112,3.8888888,2.625,3
11402,11402,55,213,0.133333333333333,0.622841965471448,0.173697384199947,0.385185185185185,4,0.400214263850628,6,40,0.727272727272727,"Male","African-American","$100,000 - $149,999","Mountain",2.5,3.4000001,3.6666667,3.6666667,2.625,0
11454,11454,6,13,0.866666666666667,0.866666666666667,0.04,0.133333333333333,2,0,1,6,1,"Male","White","$100,000 - $149,999","Mountain",2.125,3.3,3.3333333,2.7777777,3.5,3
11482,11482,33,120,0.227272727272727,0.869969040247678,0.0273001722110215,0.178977272727273,3,0.547361111111111,4,15,0.454545454545455,"Female","Foreign Student","less than $25,000","New England",2.875,3,3.6666667,3.8888888,3.375,1
11910,11910,34,107,0.190730837789661,0.794759825327511,0.0103382307927762,0.172905525846702,2,0.636736832911171,5,13,0.382352941176471,"Female","Latino/a","$50,000 - $74,999","Pacific",2.5,2.4000001,4.7777777,4,2.75,1
11992,11992,6,11,0.733333333333333,0.727272727272727,0.14,0.266666666666667,2,0,1,6,1,"Female","Foreign Student","less than $25,000","Middle Atlantic",4.125,2.7,2.3333333,2.1111112,4.5,3
12029,12029,23,15,0.0592885375494071,0.428571428571429,0.0735930735930736,0.122529644268775,6,0.58,11,10,0.434782608695652,"Female","Foreign Student","less than $25,000","New England",2.875,3.5,3.6666667,2.7777777,3.75,0
12156,12156,29,193,0.41871921182266,0.76221928665786,0.141468791481618,0.259852216748768,4,0.234186851211073,3,27,0.931034482758621,"Male","White","$150,000 - $199,999","East North Central",3.5,2.9000001,2.5555556,4.1111112,2.625,1
12738,12738,6,12,0.8,0.789473684210526,0.08,0.2,2,0,1,6,1,"Male","White","$250,000 or more","East North Central",2.75,3.3,2.3333333,2.5555556,3.375,3
12748,12748,17,27,0.198529411764706,0.494505494505495,0.359375,0.238970588235294,5,0.386145404663923,3,15,0.882352941176471,"Female","African-American","$25,000 - $49,999","New England",2.75,3,3.8888888,4.5555553,2.5,2
12900,12900,10,33,0.733333333333333,0.818181818181818,0.0864197530864197,0.266666666666667,2,0.106060606060606,1,10,1,"Female","White","$250,000 or more","New England",4.25,2.7,3.8888888,3.8888888,2.25,3
13486,13486,14,32,0.351648351648352,0.971223021582734,0.0512820512820513,0.10989010989011,1,0.451171875,3,7,0.5,"Male","White","$250,000 or more","East North Central",4.375,2.5999999,3.6666667,4.1111112,2,1
13647,13647,11,21,0.345454545454545,0.784615384615385,0.403888888888889,0.254545454545455,3,0.308864265927978,2,10,0.909090909090909,"Male","White","$250,000 or more","East North Central",2.5,3.0999999,2.8888888,2.4444444,3.125,2
13928,13928,18,119,0.777777777777778,0.901898734177215,0.00790679908326967,0.163398692810458,2,0.0355553986300403,2,17,0.944444444444444,"Female","White","$100,000 - $149,999","East North Central",4.25,2.3,3.8888888,3.2222223,1.75,3
14250,14250,38,226,0.291607396870555,0.760337927967986,0.303658031360734,0.194879089615932,4,0.499452706722189,2,37,0.973684210526316,"Female","White","$250,000 or more","East North Central",2.5,2.0999999,3.8888888,4,2.5,0
14279,14279,52,205,0.153092006033182,0.636585365853659,0.538530504140654,0.29788838612368,6,0.536812346817443,2,51,0.980769230769231,"Female","White","$250,000 or more","West North Central",2.875,2.2,2.6666667,4.5555553,2.5,0
14301,14301,45,335,0.293939393939394,0.565965583173996,0.116808206442731,0.433333333333333,3,0.29832548033207,1,45,1,"Female","White","$250,000 or more","East North Central",2.375,2.8,4.1111112,3.6666667,3.75,1
14511,14511,26,172,0.510769230769231,0.808153477218226,0.326702010582011,0.489230769230769,2,0.125870953694295,1,26,1,"Female","White","$100,000 - $149,999","South Atlantic",4.25,4,4.4444447,3.2222223,2.875,2
14527,14527,20,174,0.91578947368421,0.983805668016194,0.0279060223658562,0.0842105263157895,2,0.00951248513674199,1,20,1,"Male","White","$250,000 or more","East North Central",4.875,3.2,3.7777777,4.6666665,2.875,3
14571,14571,13,38,0.474358974358974,0.839449541284404,0.578282828282828,0.442307692307692,3,0.258217677136596,1,13,1,"Male","Asian-American","$50,000 - $74,999","West South Central",3,2.4000001,2.4444444,3.4444444,1.875,2
14595,14595,6,12,0.8,0.846153846153846,0.12,0.2,2,0,1,6,1,"Male","Latino/a","$50,000 - $74,999","East North Central",3.375,2.9000001,3.2222223,3.3333333,3.75,3
14606,14606,14,46,0.450549450549451,0.586206896551724,0.193195266272189,0.472527472527473,3,0.180547293277811,1,14,1,"Male","White","$250,000 or more","West North Central",3.25,3,4.6666665,4.5555553,1.625,1
14690,14690,20,115,0.6,0.82458888018794,0.146481168661907,0.242105263157895,3,0.229916897506925,1,20,1,"Female","White","$250,000 or more","Pacific",3.875,2.4000001,3,2.7777777,3,1
14737,14737,49,237,0.185374149659864,0.61524094135226,0.311398813019817,0.335459183673469,6,0.425437673596499,4,46,0.938775510204082,"Male","Asian-American","$25,000 - $49,999","South Atlantic",3.125,3.7,3.8888888,3.2222223,3.125,0
14763,14763,20,67,0.352631578947368,0.824858757062147,0.225197496665641,0.436842105263158,2,0.290933392737803,3,16,0.8,"Female","White","$150,000 - $199,999","West North Central",3.625,2.8,3.3333333,4.1111112,3.875,1
14847,14847,38,91,0.129445234708393,0.635687732342007,0.67482347212077,0.330014224751067,6,0.58821398381838,3,36,0.947368421052632,"Female","Latino/a","less than $25,000","Pacific",2.375,3.5,2.8888888,3.5555556,3.625,0
15031,15031,30,222,0.505747126436782,0.858860578299456,0.146625072785906,0.28735632183908,3,0.22370867768595,1,30,1,"Female","White","$200,000 - $249,999","Middle Atlantic",4.125,2.8,3.6666667,4.3333335,2.375,1
15134,15134,33,184,0.335227272727273,0.858152686145146,0.0312220982142857,0.196022727272727,4,0.390053943630502,2,20,0.606060606060606,"Female","White","$100,000 - $149,999","Middle Atlantic",3.75,2.5,4,4.4444447,2.125,1
15181,15181,35,462,0.551260504201681,0.785551113649343,0.0350946573028989,0.360504201680672,2,0.109481893218322,3,32,0.914285714285714,"Male","White","$200,000 - $249,999","New England",1.875,3.3,4.1111112,3.7777777,2.375,3
15586,15586,18,33,0.215686274509804,0.692307692307692,0.231833910034602,0.196078431372549,5,0.567493112947658,2,13,0.722222222222222,"Female","White","$250,000 or more","West South Central",2.5,3.2,3.3333333,3,4.25,0
15707,15707,22,39,0.168831168831169,0.888888888888889,0.0219954648526077,0.116883116883117,3,0.629848783694938,5,7,0.318181818181818,"Female","African-American","$100,000 - $149,999","",2.375,3.5999999,4.3333335,2.8888888,3.625,1
16654,16654,32,205,0.383064516129032,0.686114352392065,0.272668528511889,0.358870967741935,3,0.278296398891967,1,32,1,"Male","White","$200,000 - $249,999","New England",4.5,2.7,3.4444444,3.5555556,2.75,2
16819,16819,19,77,0.450292397660819,0.8203125,0.456063907044299,0.383040935672515,3,0.326108955979086,1,19,1,"Female","Latino/a","$50,000 - $74,999","South Atlantic",4,3.8,2.8888888,3.8888888,3.25,2
17020,17020,33,220,0.393939393939394,0.80248833592535,0.279839234711022,0.387310606060606,4,0.191741401627219,1,33,1,"Male","Foreign Student","$50,000 - $74,999","Pacific",2.75,2.5999999,3.6666667,3.3333333,2.25,2
17183,17183,33,116,0.206439393939394,0.613300492610837,0.176537298387097,0.293560606060606,3,0.527901691776786,2,27,0.818181818181818,"Male","White","$250,000 or more","West North Central",2.625,2.5999999,4.1111112,3.6666667,1.875,1
17270,17270,26,60,0.181538461538462,0.663793103448276,0.0664774603174603,0.258461538461538,3,0.355501292731974,5,17,0.653846153846154,"Female","Foreign Student","$200,000 - $249,999","East North Central",3.25,3.3,4,2.7777777,3.375,1
17308,17308,64,452,0.199900793650794,0.56057582668187,0.192427639348249,0.355654761904762,4,0.397628825988708,1,64,1,"Female","White","$250,000 or more","West North Central",3.125,2.7,3.5555556,3.5555556,2.875,0
17470,17470,36,180,0.255555555555556,0.806468716861082,0.156673703247533,0.344444444444444,5,0.33978241580186,3,32,0.888888888888889,"Male","White","$250,000 or more","Middle Atlantic",4.25,3.5999999,3.7777777,2.3333333,3.875,0
17522,17522,13,21,0.243589743589744,0.435483870967742,0.29229797979798,0.33974358974359,4,0.292243767313019,2,12,0.923076923076923,"Female","African-American","$50,000 - $74,999","East North Central",3.625,3.3,3.5555556,4.2222223,3,2
17569,17569,47,298,0.222941720629047,0.694891532540238,0.104316431801751,0.320536540240518,3,0.497271052495653,2,32,0.680851063829787,"Male","Latino/a","","Middle Atlantic",3.75,3.4000001,3.3333333,4.1111112,2,0
17581,17581,20,145,0.763157894736842,0.831325301204819,0.0271005797321587,0.236842105263158,2,0.0620927467300832,1,20,1,"Female","White","$150,000 - $199,999","Pacific",3.25,3.9000001,3.5555556,4,4.125,3
17932,17932,26,98,0.295384615384615,0.79608938547486,0.4448,0.224615384615385,6,0.462673611111111,1,26,1,"Male","White","$100,000 - $149,999","Middle Atlantic",3.375,3.4000001,3.8888888,3.7777777,2.375,2
18111,18111,20,74,0.368421052631579,0.525,0.285523750897712,0.578947368421053,3,0.18969387755102,1,20,1,"Female","White","$200,000 - $249,999","West South Central",3,2.5,3.5555556,4,3.625,2
18222,18222,25,76,0.2,0.629139072847682,0.245747785829308,0.508333333333333,2,0.257083333333333,8,18,0.72,"Male","Foreign Student","less than $25,000","",2.5,2.9000001,3.6666667,3.3333333,2.375,1
18324,18324,13,58,0.743589743589744,0.836065573770492,0.0615079365079365,0.256410256410256,2,0.115338882282996,1,13,1,"Female","White","$150,000 - $199,999","Pacific",5,3.9000001,4.4444447,3.4444444,3,3
18611,18611,24,68,0.242753623188406,0.534722222222222,0.324707463013014,0.452898550724638,3,0.376475829806193,2,20,0.833333333333333,"Female","African-American","$250,000 or more","East North Central",3.75,3.2,2.8888888,4.1111112,3.5,2
18677,18677,23,134,0.486166007905138,0.669019054340155,0.14970990900743,0.422924901185771,3,0.236135897944345,1,23,1,"Female","White","$250,000 or more","East North Central",3.75,2.7,4.5555553,4.1111112,2.125,1
18707,18707,48,277,0.209219858156028,0.510913003381494,0.344487054754155,0.599290780141844,4,0.380682634300488,3,46,0.958333333333333,"Female","Other","$250,000 or more","East North Central",2.625,2.5,4.8888888,3.8888888,2.375,0
18743,18743,27,192,0.52991452991453,0.763917525773196,0.0881561899638823,0.316239316239316,3,0.116718695802983,1,27,1,"Male","White","$250,000 or more","East North Central",2.875,3,3.8888888,3.3333333,2.5,1
19030,19030,26,126,0.387692307692308,0.852850539291217,0.029262962962963,0.252307692307692,2,0.345679012345679,3,17,0.653846153846154,"Male","White","$250,000 or more","West South Central",3.5,3.9000001,3.3333333,3,2.875,1
19122,19122,26,146,0.418461538461538,0.676056338028169,0.121728888888889,0.461538461538462,3,0.234861591695502,1,26,1,"Male","White","$75,000 - $99,999","East North Central",2.625,3.7,3.1111112,2.8888888,2.25,1
19245,19245,46,345,0.283091787439614,0.729605515128303,0.188164730183869,0.361352657004831,5,0.202163100327319,2,44,0.956521739130435,"Male","White","$100,000 - $149,999","South Atlantic",3.25,2.8,3.4444444,4.5555553,3.25,0
19460,19460,10,27,0.6,0.866666666666667,0.5,0.4,2,0.222222222222222,1,10,1,"Male","Latino/a","$75,000 - $99,999","East North Central",3.25,3.3,4.6666665,4.2222223,3.125,2
19538,19538,29,171,0.401477832512315,0.643266475644699,0.215890542725027,0.491379310344828,3,0.220727163235349,1,29,1,"Female","White","$250,000 or more","West South Central",3,2.5999999,3.6666667,4.1111112,3.125,1
19591,19591,12,70,0.787878787878788,0.867132867132867,0.0487603305785124,0.212121212121212,2,0.0377218934911242,1,12,1,"Female","Foreign Student","$200,000 - $249,999","East North Central",4.25,3.4000001,3.7777777,4.1111112,1.75,3
19735,19735,38,232,0.321479374110953,0.758717858400845,0.0441158574041457,0.300142247510669,2,0.450661758947451,2,25,0.657894736842105,"Male","White","$100,000 - $149,999","East North Central",3.375,4,4.4444447,4.1111112,1.875,1
19827,19827,19,75,0.421052631578947,0.884057971014493,0.222222222222222,0.245614035087719,3,0.208815586419753,2,16,0.842105263157895,"Male","White","$250,000 or more","Middle Atlantic",3.125,2.8,3.1111112,3.4444444,4,1
19833,19833,18,45,0.294117647058824,1,0,0.176470588235294,1,0.337777777777778,5,9,0.5,"Male","Foreign Student","$25,000 - $49,999","",3.25,3.0999999,4.4444447,3.4444444,2.25,1
20179,20179,44,222,0.223044397463002,0.567598187311178,0.291441227653852,0.474630021141649,4,0.398677028817861,1,44,1,"Female","White","$200,000 - $249,999","Middle Atlantic",4.125,3.3,3.6666667,3.8888888,2.375,0
20335,20335,64,250,0.119047619047619,0.572763684913218,0.168665471671835,0.261904761904762,5,0.606866319444444,4,46,0.71875,"Male","White","$100,000 - $149,999","East North Central",3.875,3.3,2.7777777,3.2222223,2.125,0
20507,20507,13,54,0.692307692307692,0.846501128668172,0.14520202020202,0.224358974358974,3,0.0548696844993141,1,13,1,"Male","White","$50,000 - $74,999","West North Central",3.5,3.5999999,3.5555556,5,2.75,3
20650,20650,43,273,0.285714285714286,0.656665797025828,0.216216689169651,0.523809523809524,4,0.360998437593895,1,43,1,"Male","Latino/a","$250,000 or more","East North Central",4.875,3.4000001,3.7777777,3.2222223,2.875,0
20665,20665,6,14,0.866666666666667,0.866666666666667,0.04,0.133333333333333,2,0,1,6,1,"Male","White","$75,000 - $99,999","East North Central",3,3.5,4.1111112,3.4444444,2.375,3
21090,21090,57,340,0.191102756892231,0.676686031826219,0.283100693880767,0.255325814536341,4,0.49302875571083,2,56,0.982456140350877,"Female","Asian-American","$200,000 - $249,999","New England",3,3.8,4.3333335,4.3333335,2.375,0
21348,21348,39,238,0.321187584345479,0.790391676866585,0.516000705889903,0.441970310391363,4,0.422154155779959,1,39,1,"Female","Asian-American","$100,000 - $149,999","West South Central",3.625,4.3000002,4.4444447,3.5555556,2.5,2
21380,21380,31,218,0.382795698924731,0.746492048643592,0.51331964969896,0.517204301075269,3,0.419075874258301,1,31,1,"Male","White","$150,000 - $199,999","East North Central",3.625,2.2,3.7777777,3.8888888,2.25,2
21793,21793,28,92,0.243386243386243,0.934718100890208,0.170307059195948,0.164021164021164,4,0.534912570888469,2,16,0.571428571428571,"Male","White","$100,000 - $149,999","East South Central",2.5,2.5,3.6666667,4.2222223,3,0
21887,21887,34,226,0.390374331550802,0.805837979665464,0.42054238614156,0.306595365418895,4,0.34515543879402,1,34,1,"Male","White","$250,000 or more","West North Central",3.75,2.8,3.2222223,3.6666667,1.75,2
21899,21899,23,144,0.422924901185771,0.947368421052632,0.00780532598714417,0.0770750988142292,2,0.494715695693947,2,12,0.521739130434783,"Male","White","$250,000 or more","East North Central",2.25,2.8,3.4444444,3.5555556,2.75,1
21909,21909,18,131,0.856209150326797,0.882932166301969,0.00830843032400126,0.143790849673203,2,0.0234252083211934,1,18,1,"Male","Asian-American","$200,000 - $249,999","Pacific",3.875,2.8,3.3333333,2.8888888,2.375,3
21932,21932,32,214,0.397177419354839,0.656070471083876,0.148424825248062,0.409274193548387,3,0.326251642660208,1,32,1,"Male","White","$200,000 - $249,999","West North Central",2.625,3,2.7777777,4.1111112,1.875,1
21971,21971,68,451,0.190079016681299,0.579495453212086,0.203619128619833,0.392010535557507,3,0.457493506285702,3,66,0.970588235294118,"Female","White","$200,000 - $249,999","West South Central",3.25,2.7,4,3.7777777,3.5,0
22066,22066,4,4,0.666666666666667,0.6,0.666666666666667,0.333333333333333,2,0,1,4,1,"Male","White","$200,000 - $249,999","South Atlantic",3.875,2.3,3.3333333,3,2.75,2
22093,22093,31,132,0.283870967741935,0.691397000789266,0.4295647692027,0.216129032258065,5,0.380136593204775,2,30,0.967741935483871,"Male","White","$200,000 - $249,999","Pacific",3.75,3.9000001,4.2222223,3.6666667,3.25,2
22119,22119,31,167,0.359139784946237,0.76158940397351,0.477114602511154,0.40752688172043,3,0.452364731614615,1,31,1,"Female","White","$100,000 - $149,999","Pacific",3.25,3.3,3.6666667,3,3,2
22138,22138,29,152,0.354679802955665,0.719864176570458,0.199287727176522,0.431034482758621,4,0.240861304012346,2,28,0.96551724137931,"Male","White","$100,000 - $149,999","East North Central",4.375,3.9000001,3.8888888,3.8888888,2.5,1
22143,22143,37,328,0.474474474474474,0.745853576813537,0.143496082963676,0.497747747747748,2,0.259794103509053,2,36,0.972972972972973,"Female","White","","Middle Atlantic",4.125,3.8,4,3.4444444,2.125,1
22199,22199,5,10,1,1,0,0,1,0,1,5,1,"Male","White","$200,000 - $249,999","East North Central",2.875,3.5999999,2.7777777,2.4444444,3.25,3
22292,22292,18,65,0.42483660130719,0.739884393063584,0.103727587291601,0.281045751633987,4,0.237988165680473,2,17,0.944444444444444,"Male","White","$200,000 - $249,999","Middle Atlantic",4,3,3.2222223,3.1111112,2.25,1
22408,22408,61,408,0.191256830601093,0.607883049592894,0.145254752475671,0.29207650273224,5,0.426477551020408,5,55,0.901639344262295,"Male","Latino/a","$250,000 or more","Pacific",3.5,3,3.6666667,4.1111112,3.125,0
22455,22455,29,20,0.0467980295566502,0.765957446808511,0.0170540438397581,0.167487684729064,2,0.498614958448753,18,7,0.241379310344828,"Female","African-American","$25,000 - $49,999","South Atlantic",2.5,3.4000001,5,5,2.75,1
22460,22460,26,151,0.458461538461538,0.76219512195122,0.155609966329966,0.381538461538462,4,0.199180217107337,2,25,0.961538461538462,"Male","White","$75,000 - $99,999","New England",3.75,3.9000001,3.2222223,2.6666667,2.25,1
22540,22540,34,255,0.393939393939394,0.63980611935777,0.109961522271675,0.424242424242424,3,0.271380602362769,2,33,0.970588235294118,"Female","White","$75,000 - $99,999","East North Central",3.875,2.8,3.2222223,2.8888888,3.375,1
22587,22587,24,66,0.239130434782609,0.695530726256983,0.138958583949132,0.239130434782609,3,0.501951331496786,2,15,0.625,"Male","Asian-American","$25,000 - $49,999","South Atlantic",2.125,2.8,3.8888888,2,3,1
22688,22688,64,488,0.213293650793651,0.796049806784028,0.0554423239669381,0.24702380952381,4,0.506706327744727,2,39,0.609375,"Male","White","$100,000 - $149,999","East North Central",2.75,3.5999999,4.2222223,4.1111112,2,0
22842,22842,38,267,0.320056899004267,0.686175580221998,0.207726355699329,0.382645803698435,3,0.369708641975309,2,37,0.973684210526316,"Male","Latino/a","$25,000 - $49,999","West South Central",2.625,3.3,3.6666667,2.6666667,3,1
22897,22897,15,73,0.580952380952381,0.85546875,0.232339089481947,0.276190476190476,3,0.101316850309057,1,15,1,"Male","White","$250,000 or more","Middle Atlantic",2.625,3.3,3.3333333,3.4444444,3.25,3
22913,22913,22,83,0.359307359307359,0.835555555555555,0.0498110355253212,0.307359307359307,2,0.363260269995645,3,15,0.681818181818182,"Male","White","$250,000 or more","Middle Atlantic",4.25,3,3.1111112,3.8888888,1.75,1
22989,22989,53,414,0.279390420899855,0.723909723400645,0.0292799442262112,0.239840348330914,2,0.476761679878563,2,29,0.547169811320755,"Male","White","$250,000 or more","West North Central",3.5,2.4000001,3.5555556,3.4444444,2,1
23042,23042,5,10,1,1,0,0,1,0,1,5,1,"","","","",NA,NA,NA,NA,NA,3
23115,23115,19,67,0.391812865497076,0.770186335403727,0.516430646332607,0.330409356725146,4,0.348407217643128,1,19,1,"Male","White","$250,000 or more","East North Central",3.5,3.0999999,3.7777777,4.1111112,2.125,2
23253,23253,24,164,0.478260869565217,0.677606177606178,0.0584889921871317,0.347826086956522,3,0.192808769513315,1,24,1,"Female","Latino/a","$75,000 - $99,999","West South Central",2.875,3.2,3.4444444,3.5555556,3.625,1
23270,23270,36,148,0.206349206349206,0.643253234750462,0.370518950437318,0.307936507936508,4,0.518846153846154,1,36,1,"Female","White","$250,000 or more","West North Central",2.125,2.4000001,3.5555556,4.5555553,3.375,0
23287,23287,12,4,0.0606060606060606,1,0,0.121212121212121,1,0.375,9,3,0.25,"Male","White","","",3.125,2.9000001,3.7777777,3.6666667,2.75,1
23487,23487,36,192,0.304761904761905,0.801330798479087,0.0439471788715486,0.20952380952381,2,0.47607421875,2,20,0.555555555555556,"Male","Asian-American","","West North Central",3.125,3.3,4,3.7777777,3.5,1
23518,23518,57,339,0.191102756892231,0.525031552376946,0.174522807764446,0.487468671679198,4,0.345326525127654,2,56,0.982456140350877,"Female","White","$100,000 - $149,999","East North Central",3.375,3.2,4.4444447,3.3333333,2.5,0
23576,23576,14,33,0.351648351648352,0.595588235294118,0.503484549638396,0.417582417582418,3,0.375,1,14,1,"Male","Asian-American","$200,000 - $249,999","Middle Atlantic",2.5,2.7,4.1111112,3.8888888,1.875,2
23696,23696,40,167,0.203846153846154,0.695159629248198,0.0677171274077741,0.308974358974359,3,0.265990269372256,12,29,0.725,"Male","White","$100,000 - $149,999","East North Central",3.875,4.1999998,4.6666665,3.1111112,3.625,1
24016,24016,43,88,0.097452934662237,0.869272237196765,0.0306306804564644,0.188261351052049,3,0.415224690082645,25,19,0.441860465116279,"Female","White","$100,000 - $149,999","East North Central",3,3.4000001,3.5555556,3.1111112,3.25,1
24029,24029,31,201,0.356989247311828,0.565084226646248,0.112199408179753,0.343010752688172,3,0.277961242560604,1,31,1,"Male","Foreign Student","$25,000 - $49,999","Mountain",2.625,3,3.2222223,3.6666667,3.25,1
24079,24079,15,59,0.533333333333333,0.695214105793451,0.111459968602826,0.180952380952381,3,0.283163265306122,1,15,1,"Male","Asian-American","$250,000 or more","East North Central",3.375,3.5,4.3333335,2.8888888,2.75,1
24833,24833,41,346,0.384146341463415,0.639491794600318,0.162414338348826,0.540853658536585,3,0.286485260770975,1,41,1,"Female","White","$200,000 - $249,999","West South Central",3,2.2,3.5555556,2.3333333,2.375,1
24883,24883,31,230,0.406451612903226,0.892761394101877,0.0188433984066168,0.160215053763441,2,0.484756865709247,2,18,0.580645161290323,"Male","White","$250,000 or more","Middle Atlantic",2.625,3.2,3.8888888,4.2222223,2,1
24898,24898,45,130,0.128282828282828,0.684898929845422,0.293805428187035,0.235353535353535,5,0.602920205840412,4,37,0.822222222222222,"Male","White","$100,000 - $149,999","East North Central",2,3.3,3.7777777,4.7777777,3.25,0
25125,25125,49,238,0.175170068027211,0.764003673094582,0.0398010428576768,0.324829931972789,3,0.196354510321425,21,28,0.571428571428571,"Female","Latino/a","$100,000 - $149,999","East North Central",2.375,3.8,3.6666667,2.7777777,2.5,1
25172,25172,22,146,0.554112554112554,0.713554987212276,0.129047619047619,0.445887445887446,2,0.195037841796875,1,22,1,"Female","White","$150,000 - $199,999","Pacific",3.375,3.0999999,3.6666667,4,1.75,3
25197,25197,53,455,0.257619738751814,0.63391442155309,0.345875340611556,0.473149492017417,4,0.471763538980361,1,53,1,"Male","White","$75,000 - $99,999","East North Central",1.875,2.7,4.7777777,4.5555553,3,0
25369,25369,20,124,0.652631578947368,0.861702127659575,0.0495537088334872,0.294736842105263,2,0.150591831425598,2,19,0.95,"Male","White","$250,000 or more","East North Central",3.25,3,3.5555556,3.2222223,3,3
25495,25495,23,86,0.328063241106719,0.632022471910112,0.0948851441403007,0.353754940711462,3,0.264624764116708,3,21,0.91304347826087,"Male","White","$250,000 or more","Pacific",2.25,2.8,2.7777777,4.2222223,2.625,1
25536,25536,21,70,0.328571428571429,0.676148796498906,0.554789473684211,0.421428571428571,3,0.419554715395925,1,21,1,"Female","Latino/a","","South Atlantic",3,3.4000001,3.7777777,3.6666667,3,2
25548,25548,30,122,0.241379310344828,0.734149054505006,0.112875828095804,0.275862068965517,3,0.415011337868481,3,20,0.666666666666667,"Male","White","$150,000 - $199,999","West North Central",3.25,3.0999999,3,3.7777777,2.375,1
25743,25743,8,20,0.714285714285714,0.741176470588235,0.117913832199546,0.285714285714286,2,0.1,1,8,1,"","","$50,000 - $74,999","",2.5,3.0999999,2.7777777,3.2222223,4.25,3
25961,25961,17,95,0.661764705882353,0.903,0.127734375,0.275735294117647,3,0.103641975308642,1,17,1,"Female","Asian-American","$50,000 - $74,999","Pacific",3.375,3.5999999,3.7777777,3.1111112,3.125,3
25966,25966,30,147,0.319540229885057,0.804245283018868,0.042504930096233,0.163218390804598,3,0.515294239428601,2,19,0.633333333333333,"Female","White","$100,000 - $149,999","East North Central",2.75,3.4000001,3.6666667,3.5555556,3.875,1
26272,26272,22,77,0.324675324675325,0.882978723404255,0.0979591836734694,0.199134199134199,2,0.350577777777778,2,12,0.545454545454545,"Female","Latino/a","$250,000 or more","Pacific",2.375,2.8,3.7777777,3.3333333,2.5,1
26289,26289,12,45,0.681818181818182,1,0,0.136363636363636,1,0,3,10,0.833333333333333,"Female","Latino/a","$200,000 - $249,999","West South Central",4.125,4.0999999,3.8888888,3.4444444,2,3
26320,26320,30,105,0.220689655172414,0.620542082738944,0.292636317309326,0.331034482758621,5,0.448404947916667,2,29,0.966666666666667,"Female","White","$100,000 - $149,999","East North Central",3.875,3.4000001,3.8888888,3.5555556,3.375,0
26581,26581,29,122,0.295566502463054,0.688617121354657,0.229122424984103,0.204433497536946,4,0.412604166666667,1,29,1,"Female","Asian-American","$100,000 - $149,999","",4.375,3.4000001,4.1111112,3.8888888,2.25,0
26718,26718,33,148,0.261363636363636,0.736303871439007,0.0878105198732718,0.301136363636364,3,0.373345935727788,4,23,0.696969696969697,"Male","Latino/a","$50,000 - $74,999","South Atlantic",3.375,3.2,3.6666667,3.1111112,2.125,1
26800,26800,61,457,0.227868852459016,0.654399592512416,0.38336900244033,0.422131147540984,4,0.365189862498491,3,58,0.950819672131147,"Male","White","$250,000 or more","West North Central",2.25,1.8,4.4444447,4.3333335,1.75,0
26857,26857,29,123,0.278325123152709,0.614218009478673,0.350952764324363,0.293103448275862,4,0.325397446941812,1,29,1,"Male","Asian-American","$150,000 - $199,999","Middle Atlantic",3.25,2.5999999,3.7777777,4.2222223,2.875,2
26858,26858,25,95,0.276666666666667,0.55982905982906,0.152672558922559,0.348333333333333,4,0.261286108288576,1,25,1,"Female","Latino/a","$250,000 or more","Pacific",3.625,3.5,3.3333333,4.3333335,4.125,1
27111,27111,10,3,0.0666666666666667,1,0,0.155555555555556,1,0,8,3,0.3,"Female","Asian-American","$75,000 - $99,999","East North Central",3.25,3.2,4.1111112,3.8888888,2.75,1
27141,27141,20,86,0.452631578947368,0.669609079445145,0.274955175463024,0.284210526315789,4,0.150824770146025,1,20,1,"Female","White","$250,000 or more","West North Central",4,2.2,3.7777777,3.4444444,2.75,2
27169,27169,18,147,0.96078431372549,0.967357741508602,0.00122680088078012,0.0392156862745098,2,0,1,18,1,"Male","White","$250,000 or more","Middle Atlantic",3.75,1.9,3.5555556,4.4444447,3.5,3
27232,27232,17,64,0.470588235294118,1,0,0.0294117647058824,1,0.4921875,2,9,0.529411764705882,"Male","White","$200,000 - $249,999","East North Central",4,2.9000001,4.2222223,4,3.125,1
27306,27306,36,258,0.36031746031746,0.640611724723874,0.189881978765532,0.553968253968254,3,0.247627549535213,1,36,1,"Female","White","$100,000 - $149,999","East North Central",4.5,2.9000001,4.4444447,4.4444447,3.125,1
27407,27407,74,628,0.207330618289522,0.523167649536647,0.118235243287557,0.422806368011847,4,0.354891581632653,3,72,0.972972972972973,"Male","White","$200,000 - $249,999","Middle Atlantic",3.25,3.3,3.6666667,3.1111112,3.125,0
28223,28223,12,26,0.348484848484849,0.638297872340426,0.193388429752066,0.287878787878788,3,0.235349716446125,2,10,0.833333333333333,"Male","Asian-American","$150,000 - $199,999","South Atlantic",3.25,3.4000001,3.2222223,3.3333333,1.25,1
28247,28247,35,161,0.238655462184874,0.661660079051383,0.370399496697075,0.231932773109244,6,0.462829795675461,1,35,1,"Female","Asian-American","$100,000 - $149,999","West South Central",2,3.5999999,3.4444444,3.1111112,3.875,0
28254,28254,26,66,0.196923076923077,0.754335260115607,0.0819511111111111,0.163076923076923,5,0.502197265625,2,16,0.615384615384615,"Female","White","$150,000 - $199,999","South Atlantic",2.875,2.7,4,3.8888888,2.125,0
28312,28312,16,63,0.383333333333333,0.637254901960784,0.569142857142857,0.616666666666667,2,0.279536862003781,1,16,1,"Male","White","$250,000 or more","Mountain",3,2.8,3.8888888,3.6666667,2.625,2
28326,28326,4,6,1,1,0,0,1,0,1,4,1,"Male","White","$250,000 or more","Middle Atlantic",4.125,3.7,3.5555556,4,2.875,3
28327,28327,62,465,0.221575885774722,0.549827723297111,0.14339513718567,0.516129032258065,4,0.410111015544455,2,61,0.983870967741935,"Female","White","$250,000 or more","East North Central",4,2.9000001,3.5555556,3.1111112,3.625,0
28377,28377,20,190,1,1,0,0,1,0,1,20,1,"Male","Asian-American","$150,000 - $199,999","South Atlantic",2,2.3,3,2.3333333,4.25,3
28653,28653,66,684,0.269463869463869,0.58254700248315,0.209453484544484,0.622843822843823,4,0.273411776678919,1,66,1,"Male","White","$150,000 - $199,999","East North Central",4.25,3.5999999,4.4444447,4.8888888,3,0
28681,28681,9,14,0.388888888888889,0.642857142857143,0.321428571428571,0.236111111111111,3,0.221938775510204,2,8,0.888888888888889,"Female","White","$25,000 - $49,999","East North Central",4.125,3.2,4.7777777,4.3333335,2.625,2
28724,28724,43,198,0.211517165005537,0.781744008159102,0.123720198141552,0.336101882613511,3,0.541555878402456,4,26,0.604651162790698,"Female","White","$250,000 or more","Pacific",3.25,3,3.5555556,4,3.375,0
28820,28820,27,83,0.213675213675214,0.729528535980149,0.0920431107354184,0.247863247863248,3,0.578044444444444,3,16,0.592592592592593,"Male","White","$100,000 - $149,999","Mountain",2.125,2.8,2.8888888,2.8888888,3.25,1
28824,28824,22,42,0.181818181818182,0.688524590163934,0.0599395313681028,0.246753246753247,2,0.438492063492063,6,11,0.5,"Female","Latino/a","less than $25,000","Middle Atlantic",2.375,3.3,4.1111112,3.8888888,2.625,1
28837,28837,7,4,0.19047619047619,0.6,0.133333333333333,0.30952380952381,2,0,4,4,0.571428571428571,"Male","White","$100,000 - $149,999","West South Central",3.625,3.3,3.3333333,3.3333333,3.375,1
29115,29115,3,3,1,1,0,0,1,0,1,3,1,"Male","White","$75,000 - $99,999","Pacific",3,2.2,3.6666667,3.6666667,3.25,3
29134,29134,20,35,0.178947368421053,0.890625,0.00615574022776239,0.242105263157895,2,0.160899653979239,10,9,0.45,"Female","Asian-American","$250,000 or more","South Atlantic",2.625,3.4000001,4,3.6666667,2.25,1
29232,29232,40,78,0.1,0.681102362204724,0.0620041227328677,0.31025641025641,3,0.140039447731755,21,20,0.5,"Female","White","$250,000 or more","West North Central",4.5,2.8,4,4.5555553,2.875,1
29257,29257,51,174,0.132549019607843,0.48,0.449621298701299,0.547450980392157,5,0.407181121109205,3,48,0.941176470588235,"Male","White","$75,000 - $99,999","East North Central",3.125,3.3,3.3333333,4.1111112,1.875,0
29296,29296,16,64,0.475,0.891156462585034,0.106666666666667,0.325,2,0.217913204062789,2,13,0.8125,"Female","Latino/a","$75,000 - $99,999","East North Central",1.875,2.4000001,4.2222223,3.3333333,3.125,1
29354,29354,16,47,0.391666666666667,0.938931297709924,0.00761904761904762,0.141666666666667,2,0.434585785423268,3,9,0.5625,"Female","White","$250,000 or more","South Atlantic",4.5,3.8,5,4.5555553,1.5,1
29647,29647,18,87,0.542483660130719,0.704516129032258,0.184920779457294,0.398692810457516,3,0.245826680214835,1,18,1,"Female","White","$150,000 - $199,999","Middle Atlantic",2.125,2.0999999,4,3.7777777,3,1
29718,29718,26,173,0.470769230769231,0.664764621968616,0.141651880145998,0.489230769230769,3,0.15436370626682,1,26,1,"Female","White","$200,000 - $249,999","East North Central",4,3.5,4.3333335,4.1111112,2.75,1
29733,29733,38,205,0.271692745376956,0.590382902938557,0.160535256358143,0.349928876244666,4,0.386543680271922,1,38,1,"Female","African-American","$100,000 - $149,999","Middle Atlantic",4.625,3.4000001,4.4444447,3.8888888,3.375,0
29792,29792,26,66,0.190769230769231,0.568807339449541,0.4312,0.249230769230769,5,0.483220603537981,2,25,0.961538461538462,"Male","White","$250,000 or more","New England",3.5,4.3000002,3.3333333,2.6666667,2.875,2
29885,29885,36,257,0.33015873015873,0.642927794263106,0.138660032882302,0.46984126984127,3,0.302561020710059,2,33,0.916666666666667,"Male","White","$200,000 - $249,999","South Atlantic",2.5,2.9000001,4.1111112,3.7777777,3.625,1
30137,30137,8,12,0.357142857142857,0.409090909090909,0.612244897959184,0.357142857142857,4,0.215,1,8,1,"Female","Latino/a","$100,000 - $149,999","Middle Atlantic",2.5,2.0999999,3.4444444,4.1111112,3.125,2
30152,30152,33,159,0.267045454545455,0.545454545454545,0.120083729589463,0.326704545454545,3,0.264649665509783,2,32,0.96969696969697,"Female","White","$100,000 - $149,999","East North Central",3.25,3.5,3.2222223,3.4444444,2.625,1
30453,30453,34,72,0.128342245989305,0.656652360515022,0.0231513593729503,0.235294117647059,3,0.385030864197531,9,16,0.470588235294118,"Female","African-American","$25,000 - $49,999","West North Central",3,3.2,4.6666665,4.6666665,3.5,1
30596,30596,3,2,0.666666666666667,0,1,0.333333333333333,2,0,1,3,1,"Male","Foreign Student","less than $25,000","",3.375,3.2,3.1111112,3.8888888,2.75,2
30676,30676,6,8,0.533333333333333,0.529411764705882,0.64,0.466666666666667,2,0.125,1,6,1,"Male","White","$250,000 or more","East South Central",4.5,2.5999999,2.1111112,4.6666665,3.125,2
30814,30814,8,25,0.892857142857143,0.911111111111111,0.0204081632653061,0.107142857142857,2,0,1,8,1,"Male","White","$250,000 or more","West North Central",3.5,4,4.3333335,2.4444444,1.75,3
30972,30972,20,61,0.321052631578947,1,0,0.1,1,0.564364418167159,3,9,0.45,"Male","White","$50,000 - $74,999","East North Central",2.375,3.3,4.2222223,3,3.5,1
31033,31033,32,254,0.455645161290323,0.858260869565217,0.0130893194368741,0.254032258064516,2,0.275540371211528,2,23,0.71875,"Male","Asian-American","$250,000 or more","East North Central",3,3,3.2222223,3.7777777,3.375,1
31045,31045,20,156,0.821052631578947,0.980007996801279,0.149584487534626,0.178947368421053,2,0.0184089414858645,1,20,1,"Male","White","$250,000 or more","East North Central",3.5,3.3,2.8888888,3.1111112,2.375,3
31121,31121,12,39,0.575757575757576,0.83265306122449,0.117355371900826,0.333333333333333,2,0.149238227146814,2,11,0.916666666666667,"Male","Asian-American","","East North Central",4.125,3.0999999,4.1111112,4.3333335,2.25,3
31175,31175,30,92,0.202298850574713,0.918032786885246,0.0997961610327841,0.142528735632184,4,0.60078770661157,4,14,0.466666666666667,"Female","White","$250,000 or more","West North Central",4.125,2.8,3.6666667,3.7777777,3.375,0
31294,31294,32,202,0.377016129032258,0.572458270106222,0.216714511449163,0.622983870967742,2,0.225127970488147,1,32,1,"Female","Latino/a","$150,000 - $199,999","East North Central",3.75,3.5999999,4.4444447,4.8888888,2.25,1
31311,31311,10,33,0.733333333333333,0.78,0.0843621399176955,0.266666666666667,2,0.0532598714416896,1,10,1,"Male","White","$25,000 - $49,999","East North Central",3.75,3.7,3.4444444,2.6666667,4.375,3
31439,31439,22,181,0.584415584415584,0.735017626321974,0.0957716949213548,0.415584415584416,2,0.205733882030178,1,22,1,"Female","White","$250,000 or more","South Atlantic",4,2.8,3.8888888,2.3333333,2.875,3
31538,31538,15,44,0.419047619047619,0.756,0.526883830455259,0.438095238095238,3,0.355113636363636,1,15,1,"Female","White","$250,000 or more","New England",3.75,3.2,4,4.1111112,2.625,2
31717,31717,36,194,0.296825396825397,0.716788321167883,0.238542835315945,0.217460317460317,5,0.453430181017473,1,36,1,"Male","White","$100,000 - $149,999","East North Central",4.625,2.8,3.4444444,3.1111112,3,0
31985,31985,31,173,0.372043010752688,0.670087976539589,0.110276117496807,0.327956989247312,4,0.329696949447025,1,31,1,"Male","White","$250,000 or more","Pacific",3.625,3.5,4.4444447,3.4444444,2,1
32037,32037,32,199,0.377016129032258,0.641295546558704,0.329019925232204,0.622983870967742,2,0.317180931682347,1,32,1,"Female","White","$100,000 - $149,999","East North Central",3.625,2.5,4,4.6666665,2.25,2
32249,32249,30,186,0.372413793103448,0.651325662831416,0.110014976389024,0.386206896551724,3,0.295610425240055,3,28,0.933333333333333,"Female","White","$200,000 - $249,999","South Atlantic",3.125,3,3.6666667,3.7777777,2.125,1
32404,32404,13,44,0.564102564102564,0.885714285714286,0.0505050505050505,0.269230769230769,2,0.106404958677686,2,11,0.846153846153846,"Male","White","$250,000 or more","New England",3.875,2.8,3.3333333,3.5555556,2.625,3
32423,32423,20,121,0.636842105263158,0.785955435516543,0.046925305466395,0.205263157894737,3,0.103271634451199,1,20,1,"Male","Asian-American","$75,000 - $99,999","East North Central",4.125,3.0999999,3.7777777,3.5555556,2.875,3
32919,32919,32,256,0.516129032258065,1,0,0.0967741935483871,1,0.3826904296875,2,20,0.625,"Male","White","$150,000 - $199,999","East North Central",3.875,3.3,3,4.1111112,3.125,1
33009,33009,44,205,0.202959830866808,0.651577503429355,0.251080418947219,0.40169133192389,5,0.376180013020833,4,39,0.886363636363636,"Female","White","$200,000 - $249,999","South Atlantic",3.5,2.3,3.5555556,4,2.625,0
33084,33084,28,164,0.433862433862434,0.828558639212176,0.434440918138291,0.492063492063492,3,0.237786287923855,1,28,1,"Female","Asian-American","","Middle Atlantic",3.25,3.4000001,4.5555553,4.1111112,2.25,2
33127,33127,6,15,1,1,0,0,1,0,1,6,1,"Male","White","$75,000 - $99,999","Middle Atlantic",3.5,3.0999999,4,4.2222223,2.25,3
33133,33133,59,174,0.0935125657510228,0.66198347107438,0.159392891484414,0.216832261835184,4,0.62708984375,11,40,0.677966101694915,"Female","White","$250,000 or more","Mountain",3.375,3.9000001,3.6666667,4.5555553,2.875,0
33239,33239,58,409,0.20205686630369,0.751735307727904,0.0584672903291993,0.218995765275257,3,0.589210799956972,4,37,0.637931034482759,"Male","White","$100,000 - $149,999","East North Central",3.5,2.2,3,3.6666667,3.125,0
33341,33341,31,144,0.301075268817204,0.68445475638051,0.19558748403576,0.232258064516129,5,0.445178571428571,1,31,1,"Female","White","$75,000 - $99,999","South Atlantic",2.75,3.4000001,3.6666667,3.5555556,3.25,0
33388,33388,25,100,0.333333333333333,0.715466351829988,0.15636951489533,0.333333333333333,3,0.40215,2,21,0.84,"Male","Latino/a","$50,000 - $74,999","",2.625,2.3,2.7777777,2.8888888,2.75,1
33445,33445,20,61,0.321052631578947,0.628272251308901,0.505488868369755,0.310526315789474,3,0.41050792797635,1,20,1,"Female","White","$250,000 or more","Middle Atlantic",3.625,3.4000001,4.2222223,3.5555556,2.875,2
33657,33657,34,190,0.279857397504456,0.592216582064298,0.183160629074062,0.38680926916221,4,0.303521441032091,2,33,0.970588235294118,"Female","African-American","$250,000 or more","East North Central",2.75,3.4000001,4,3.2222223,2.75,1
33740,33740,32,166,0.316532258064516,0.609375,0.152688172043011,0.360887096774194,5,0.321047506998255,1,32,1,"Female","White","$100,000 - $149,999","West North Central",3.5,3,3.6666667,3.1111112,2.875,0
33785,33785,48,299,0.225177304964539,0.622570532915361,0.205852366811036,0.349290780141844,5,0.449167648335297,2,44,0.916666666666667,"Male","White","$50,000 - $74,999","East South Central",3.75,3.8,4.1111112,4.2222223,3.25,0
33953,33953,12,35,0.454545454545455,1,0,0,1,0.5,2,6,0.5,"Female","White","$250,000 or more","East North Central",4,3.0999999,3.8888888,3.7777777,2.75,1
34062,34062,27,189,0.464387464387464,0.675592625109745,0.152984054407131,0.458689458689459,3,0.181056870789266,1,27,1,"Female","White","$150,000 - $199,999","New England",3.25,3.5999999,3.5555556,4.8888888,3.875,1
34344,34344,33,131,0.238636363636364,0.861082737487232,0.445344002016129,0.167613636363636,4,0.627236079617032,4,30,0.909090909090909,"Female","Asian-American","less than $25,000","South Atlantic",2.875,4,4.1111112,3,3.625,0
34402,34402,27,226,0.626780626780627,0.83474801061008,0.0669780929130041,0.334757834757835,3,0.159493801652893,1,27,1,"Male","White","$250,000 or more","Pacific",3,2.5999999,3.2222223,3.7777777,3.875,3
34467,34467,64,511,0.223214285714286,0.603850880786563,0.178330209987459,0.268849206349206,4,0.440125925925926,1,64,1,"Female","White","$250,000 or more","East North Central",2.5,3.5999999,3.8888888,3.6666667,3.125,0
34525,34525,30,72,0.140229885057471,0.914163090128755,0.119755393239341,0.239080459770115,4,0.246573501746842,15,16,0.533333333333333,"Male","Asian-American","$50,000 - $74,999","West North Central",3.75,3.8,3.4444444,3.3333333,3.25,1
34591,34591,30,228,0.448275862068966,0.714943342776204,0.199228259556718,0.379310344827586,3,0.22957264957265,1,30,1,"Female","White","$250,000 or more","East North Central",3.625,2.9000001,3.5555556,3.3333333,4.125,1
35011,35011,43,153,0.158361018826135,0.555649957519116,0.262708481338206,0.270210409745293,4,0.496625751870507,5,39,0.906976744186046,"Female","African-American","$100,000 - $149,999","Pacific",4,3.3,3.4444444,4.1111112,3.25,0
35031,35031,45,354,0.319191919191919,0.655533842600817,0.172424046715242,0.567171717171717,4,0.333274915878866,3,43,0.955555555555556,"Female","White","$150,000 - $199,999","East North Central",4.5,3,3.2222223,3.7777777,1.625,0
35180,35180,29,189,0.399014778325123,0.644146228597871,0.100712223764471,0.422413793103448,3,0.195568510897729,2,28,0.96551724137931,"Female","White","$75,000 - $99,999","East North Central",2.75,3.5,3.4444444,4,3.625,1
35344,35344,33,189,0.329545454545455,0.816737288135593,0.0377151137672811,0.232954545454545,3,0.457722288281147,2,22,0.666666666666667,"Female","White","$250,000 or more","East North Central",2.625,3.4000001,4.3333335,4,2.625,1
35347,35347,8,44,0.928571428571429,0.931034482758621,0.00816326530612245,0.0714285714285714,2,0,1,8,1,"Female","Asian-American","$100,000 - $149,999","South Atlantic",3.125,2.7,2.5555556,3.8888888,2,3
35361,35361,15,32,0.285714285714286,0.504424778761062,0.396781789638933,0.285714285714286,3,0.388333333333333,1,15,1,"Male","White","$100,000 - $149,999","West North Central",3.75,3,2.7777777,3.6666667,3.375,2
35416,35416,34,141,0.228163992869875,0.63016157989228,0.367424242424242,0.28698752228164,7,0.43548583984375,1,34,1,"Male","White","$100,000 - $149,999","East North Central",1.75,2.9000001,3.1111112,3.1111112,3.75,0
35797,35797,21,77,0.357142857142857,0.635726795096322,0.196493421052632,0.392857142857143,3,0.325244444444444,2,20,0.952380952380952,"Female","White","$250,000 or more","New England",2.625,2.5,2.4444444,4.1111112,2.375,1
35824,35824,46,155,0.147826086956522,0.632183908045977,0.144452674897119,0.207729468599034,4,0.523068050749712,4,26,0.565217391304348,"Male","Foreign Student","$100,000 - $149,999","",3.25,2.8,3.7777777,3.4444444,2.25,0
35855,35855,17,88,0.639705882352941,0.794505494505495,0.0822410300925926,0.297794117647059,3,0.126040428061831,1,17,1,"Male","White","$250,000 or more","Mountain",4.5,2.8,3.6666667,3.7777777,1.625,3
35872,35872,36,114,0.166666666666667,0.593563766388558,0.343968444520666,0.404761904761905,5,0.410385487528345,4,31,0.861111111111111,"Male","African-American","$25,000 - $49,999","East North Central",4.375,3.8,5,4.4444447,1.125,0
35925,35925,11,16,0.290909090909091,0.648648648648649,0.126666666666667,0.209090909090909,2,0.5,2,6,0.545454545454545,"Male","Foreign Student","$25,000 - $49,999","",3.375,3.4000001,3.1111112,4,2.75,1
35987,35987,21,67,0.304761904761905,0.802816901408451,0.0598421052631579,0.295238095238095,3,0.19482421875,3,14,0.666666666666667,"Male","White","$50,000 - $74,999","East North Central",3.125,2.7,3.4444444,3.6666667,3.125,1
36038,36038,39,206,0.242914979757085,0.591025641025641,0.128267182406679,0.467611336032389,3,0.312206790123457,6,34,0.871794871794872,"Male","White","$100,000 - $149,999","Middle Atlantic",3.625,3.5999999,2.6666667,3.5555556,3.375,1
36117,36117,53,294,0.207547169811321,0.813394544963543,0.152613895656882,0.330914368650218,2,0.550509804880434,3,29,0.547169811320755,"Male","White","$100,000 - $149,999","East North Central",3.125,3.4000001,3.5555556,4.4444447,2.75,0
36384,36384,5,10,1,1,0,0,1,0,1,5,1,"Male","White","$250,000 or more","East North Central",4.875,3.9000001,4.7777777,4.4444447,1,3
36385,36385,51,380,0.247843137254902,0.70841006752609,0.157494615782883,0.312156862745098,4,0.434405543983336,3,48,0.941176470588235,"Female","White","$250,000 or more","Pacific",2.25,3.2,3.6666667,3.3333333,2.875,0
36501,36501,20,102,0.536842105263158,0.713754646840149,0.127777458340709,0.410526315789474,3,0.162773933102653,1,20,1,"Male","White","$100,000 - $149,999","Middle Atlantic",4.25,3.4000001,4,3.1111112,2.375,1
36540,36540,18,90,0.588235294117647,0.895336787564767,0.399064171122995,0.411764705882353,2,0.146604938271605,1,18,1,"Male","Foreign Student","$100,000 - $149,999","",3.5,3.5999999,4.4444447,3.6666667,1.5,2
36552,36552,17,82,0.470588235294118,0.660818713450292,0.292196180555556,0.466911764705882,3,0.1854248046875,1,17,1,"Female","White","$100,000 - $149,999","East North Central",3.25,3.5999999,3.8888888,3.8888888,3.25,2
36574,36574,34,164,0.251336898395722,0.662264150943396,0.198993411728341,0.475935828877005,4,0.354735677279815,6,29,0.852941176470588,"Male","White","$250,000 or more","Middle Atlantic",4,2.5,3.8888888,3.5555556,2.25,0
36875,36875,27,154,0.387464387464387,0.634504792332268,0.22629020979021,0.535612535612536,3,0.264273356401384,1,27,1,"Female","White","$250,000 or more","East North Central",3.75,2.8,4.1111112,4.1111112,3.375,1
36939,36939,8,19,0.678571428571429,0.769230769230769,0.183673469387755,0.321428571428571,2,0.131578947368421,1,8,1,"Male","White","$75,000 - $99,999","East North Central",2.75,2.5999999,3.5555556,3,2.75,3
36963,36963,54,101,0.063591893780573,0.437400950871632,0.107210340389408,0.238294898672257,4,0.460330877913296,17,27,0.5,"Female","White","$100,000 - $149,999","East North Central",3.375,3.7,3.4444444,3.3333333,2.875,0
37001,37001,58,323,0.188142770719903,0.724635278514589,0.0313274092838135,0.408348457350272,2,0.241602133972974,24,35,0.603448275862069,"Female","White","$250,000 or more","West North Central",3.625,2.7,4.1111112,4,2.5,1
37148,37148,20,87,0.431578947368421,0.775372124492558,0.296139960036544,0.252631578947368,3,0.20233491969066,2,18,0.9,"Male","White","$100,000 - $149,999","East North Central",4.5,3.3,4.1111112,4.3333335,2,2
37218,37218,23,113,0.446640316205534,0.893518518518518,0.180309589400498,0.326086956521739,3,0.191910094760749,2,20,0.869565217391304,"Male","Asian-American","$75,000 - $99,999","East North Central",2.875,3.4000001,3.6666667,4.2222223,2.375,1
37305,37305,14,37,0.406593406593407,0.666666666666667,0.383431952662722,0.285714285714286,3,0.360847333820307,1,14,1,"Female","White","$150,000 - $199,999","Middle Atlantic",4.5,3.0999999,3.6666667,3.3333333,2.75,2
37371,37371,19,87,0.508771929824561,0.869047619047619,0.531771968046478,0.491228070175439,2,0.394173602853746,1,19,1,"Female","Latino/a","$50,000 - $74,999","West South Central",3.75,3.5,3.8888888,4.2222223,3.25,2
37396,37396,20,64,0.336842105263158,0.8,0.274853801169591,0.347368421052632,3,0.4378662109375,2,16,0.8,"Female","White","$100,000 - $149,999","West South Central",3.625,2.9000001,3.5555556,2.7777777,3.625,2
37404,37404,26,50,0.147692307692308,0.610169491525424,0.383111111111111,0.132307692307692,7,0.560980902777778,3,24,0.923076923076923,"Female","Foreign Student","$250,000 or more","",2.25,2.8,3.4444444,3.6666667,3.75,0
37485,37485,9,33,0.916666666666667,0.929577464788732,0.0107142857142857,0.0833333333333333,2,0,1,9,1,"Female","White","$250,000 or more","Middle Atlantic",3.75,3,3.2222223,3.2222223,3.25,3
37594,37594,5,8,0.8,0.789473684210526,0.125,0.2,2,0,1,5,1,"Female","Foreign Student","$75,000 - $99,999","",3.5,3,3.8888888,3.1111112,2.75,3
37979,37979,10,30,0.666666666666667,0.777777777777778,0.154320987654321,0.333333333333333,2,0.166666666666667,1,10,1,"Male","Foreign Student","$100,000 - $149,999","",3.625,3.5,4.2222223,3.5555556,3.25,3
38052,38052,50,486,0.346938775510204,0.580532656943564,0.107741901765026,0.530612244897959,3,0.221478200692042,1,50,1,"Male","Asian-American","$250,000 or more","Pacific",4.25,3.3,3.3333333,4.1111112,2.875,1
38293,38293,44,330,0.306553911205074,0.580645161290323,0.15268213582773,0.460887949260042,3,0.345017835909631,1,44,1,"Female","White","$150,000 - $199,999","Middle Atlantic",4.5,2.5,3.8888888,3.7777777,2.125,1
38313,38313,13,26,0.333333333333333,0.55045871559633,0.376578282828283,0.333333333333333,4,0.256656804733728,1,13,1,"Female","Foreign Student","$250,000 or more","",2.875,4.4000001,4.3333335,2.6666667,3.75,2
38554,38554,25,87,0.276666666666667,0.706834532374101,0.467718397745572,0.265,5,0.4817099724198,1,25,1,"Female","Asian-American","","East North Central",3.375,3.0999999,3.4444444,3.7777777,3.75,2
38610,38610,52,398,0.261689291101056,0.578938694792353,0.148160610338754,0.404977375565611,3,0.314714846896827,1,52,1,"Female","White","$100,000 - $149,999","East North Central",3.625,3.4000001,3.6666667,4.1111112,2.875,0
38683,38683,22,72,0.281385281385281,0.729113924050633,0.387959183673469,0.29004329004329,4,0.439881656804734,3,19,0.863636363636364,"Male","White","$150,000 - $199,999","Middle Atlantic",2.5,2.2,2.6666667,3.5555556,3.25,2
38815,38815,69,633,0.20843989769821,0.792923235092529,0.106837783401332,0.320971867007673,3,0.209904190765345,22,48,0.695652173913043,"Male","White","","South Atlantic",2.5,3.0999999,3.2222223,3.3333333,3.625,0
38824,38824,25,47,0.15,0.573529411764706,0.320652173913043,0.35,4,0.474814814814815,6,20,0.8,"Female","African-American","$25,000 - $49,999","South Atlantic",3.75,3.5999999,4.4444447,3.4444444,3.5,2
38826,38826,30,173,0.383908045977012,0.638386648122392,0.201548030843512,0.547126436781609,3,0.274749901394815,1,30,1,"Female","Latino/a","$100,000 - $149,999","Pacific",3.75,2.8,4.1111112,3.3333333,3,1
38914,38914,19,17,0.0994152046783626,0.933333333333333,0.0196078431372549,0.12280701754386,2,0.484429065743945,11,5,0.263157894736842,"Female","Foreign Student","$75,000 - $99,999","",3.375,3.5999999,3.5555556,2.7777777,3.25,1
39129,39129,13,3,0.0384615384615385,1,0,0.128205128205128,1,0,11,3,0.230769230769231,"Female","African-American","","",2.875,2.9000001,2.8888888,3.5555556,3,1
39146,39146,35,156,0.248739495798319,0.725030826140567,0.533667121037363,0.339495798319328,3,0.373265157048941,2,34,0.971428571428571,"Female","Asian-American","$250,000 or more","South Atlantic",2.125,3.0999999,3.5555556,2.7777777,2.875,2
39248,39248,20,130,0.684210526315789,0.791267942583732,0.0573856224825754,0.210526315789474,2,0.123047337278107,1,20,1,"Female","White","$25,000 - $49,999","Middle Atlantic",5,4.1999998,4.8888888,3.1111112,2.125,3
39285,39285,35,98,0.164705882352941,0.838546922300706,0.125022639099393,0.276470588235294,3,0.190493544356518,16,20,0.571428571428571,"Male","White","$250,000 or more","New England",2.75,2.5,3.4444444,2.7777777,2.125,1
39414,39414,17,55,0.367647058823529,0.580645161290323,0.416591021825397,0.507352941176471,3,0.3262,1,17,1,"Female","Latino/a","less than $25,000","West South Central",2.25,3.0999999,3.4444444,3.7777777,3,2
39564,39564,37,96,0.144144144144144,0.662273476112026,0.0580790711346267,0.189189189189189,4,0.537326388888889,6,17,0.459459459459459,"Male","White","$200,000 - $249,999","Mountain",2.75,3.2,3.8888888,3.4444444,2.375,0
39659,39659,35,168,0.277310924369748,0.914383561643836,0.245447555136137,0.105042016806723,4,0.641707988980716,2,25,0.714285714285714,"Female","Latino/a","$75,000 - $99,999","Pacific",4.25,3.0999999,4.2222223,4.4444447,2,0
39738,39738,16,42,0.316666666666667,0.540983606557377,0.373375661375661,0.35,3,0.365304709141274,1,16,1,"Female","Latino/a","less than $25,000","East North Central",3.625,3.0999999,4,4.3333335,2.875,2
39787,39787,47,170,0.139685476410731,0.678304239401496,0.14648488501773,0.229879740980574,6,0.539340379807903,6,34,0.723404255319149,"Female","White","$100,000 - $149,999","East North Central",3.375,3,3.2222223,3.8888888,3.25,0
40021,40021,9,42,0.888888888888889,0.9,0.0149553571428571,0.111111111111111,2,0,1,9,1,"Female","White","$150,000 - $199,999","East North Central",3.625,2.8,3.7777777,3.4444444,2.875,3
40231,40231,13,54,0.692307692307692,0.783216783216783,0.065707671957672,0.224358974358974,3,0.118655692729767,1,13,1,"Male","White","$200,000 - $249,999","East North Central",3,3.0999999,4.1111112,3.4444444,2.625,3
40569,40569,17,75,0.551470588235294,0.782222222222222,0.116626984126984,0.386029411764706,2,0.219644444444444,2,16,0.941176470588235,"Male","Latino/a","$100,000 - $149,999","East North Central",4.875,3.3,4.6666665,4.8888888,1.75,3
40864,40864,12,13,0.181818181818182,0.6,0.109090909090909,0.272727272727273,3,0.236111111111111,5,7,0.583333333333333,"Female","Foreign Student","$25,000 - $49,999","",2.875,3,3.1111112,2.3333333,3.25,1
41167,41167,17,52,0.375,0.730909090909091,0.154375,0.1875,5,0.408304498269896,1,17,1,"Female","Foreign Student","less than $25,000","East North Central",3.625,3.4000001,3.4444444,3.8888888,3.25,1
41268,41268,19,76,0.444444444444444,0.829225352112676,0.465504720406681,0.166666666666667,4,0.388417590027701,1,19,1,"Female","Latino/a","$100,000 - $149,999","Middle Atlantic",3.625,3,3.7777777,3.5555556,3.375,2
41952,41952,8,13,0.321428571428571,1,0,0.107142857142857,1,0.444444444444444,3,4,0.5,"Female","White","$250,000 or more","West South Central",3.875,3.4000001,3.8888888,3.6666667,1.75,1
42132,42132,12,49,0.742424242424242,0.909090909090909,0.00991735537190083,0.166666666666667,2,0.00499791753436071,2,11,0.916666666666667,"Male","White","$100,000 - $149,999","South Atlantic",4.625,3,3.5555556,4.3333335,2.625,3
42137,42137,38,130,0.163584637268848,0.865822784810127,0.094472851229608,0.13371266002845,5,0.633497164461248,7,18,0.473684210526316,"Female","White","$100,000 - $149,999","East North Central",2.375,3.7,4.2222223,2.8888888,3,0
42231,42231,28,145,0.37037037037037,0.829054054054054,0.237416904083571,0.222222222222222,4,0.423775510204082,1,28,1,"Male","White","$100,000 - $149,999","West North Central",2.5,3.0999999,3.4444444,3.7777777,2.125,2
42513,42513,27,183,0.518518518518518,0.813559322033898,0.10806366119088,0.404558404558405,2,0.199915469146238,2,25,0.925925925925926,"Male","White","$250,000 or more","West South Central",4.75,3.7,3.8888888,2.6666667,2,1
42531,42531,13,58,0.705128205128205,0.799097065462754,0.0886594115760783,0.294871794871795,2,0.128264462809917,1,13,1,"Female","White","$100,000 - $149,999","New England",2.625,3.5,2.8888888,4.4444447,3.375,3
42617,42617,31,210,0.410752688172043,0.761574074074074,0.253930669585842,0.52258064516129,3,0.352731558893671,1,31,1,"Female","White","$100,000 - $149,999","East North Central",2.875,2.5999999,3.6666667,3.5555556,3.375,1
42646,42646,34,174,0.279857397504456,0.632871536523929,0.202157570391042,0.32620320855615,4,0.411801695809161,1,34,1,"Female","White","$250,000 or more","Middle Atlantic",3.625,2.9000001,3.5555556,4.2222223,3.875,0
42674,42674,24,105,0.380434782608696,0.798196166854566,0.255465414461806,0.184782608695652,4,0.432517006802721,1,24,1,"Female","White","$250,000 or more","Pacific",2.5,2.7,3.6666667,3.8888888,3.5,2
42773,42773,12,22,0.333333333333333,0.676056338028169,0.487603305785124,0.303030303030303,4,0.399793388429752,1,12,1,"Male","White","$100,000 - $149,999","New England",2.5,1.8,2.8888888,2.5555556,3,2
43114,43114,23,78,0.308300395256917,0.7125,0.298789846517119,0.509881422924901,2,0.312869822485207,3,19,0.826086956521739,"Female","White","$75,000 - $99,999","Middle Atlantic",3.5,3,3.6666667,3.3333333,2.125,2
43125,43125,21,130,0.571428571428571,0.878808864265928,0.332486842105263,0.428571428571429,2,0.224444444444444,1,21,1,"Male","White","$250,000 or more","East North Central",2.625,2.5999999,3.3333333,3.7777777,4,2
43177,43177,69,392,0.161125319693095,0.576713819368879,0.483529091052324,0.559462915601023,4,0.527501329750007,1,69,1,"Male","White","$250,000 or more","Pacific",4.125,3.3,4.1111112,2.2222223,1.75,0
43255,43255,28,270,0.658730158730159,0.778620843561705,0.050561556671085,0.341269841269841,2,0.167440847728262,1,28,1,"Female","White","$200,000 - $249,999","Middle Atlantic",4.25,2.5999999,3.7777777,4.6666665,2.625,3
43382,43382,42,140,0.159117305458769,0.6557911908646,0.265120869612244,0.279907084785134,4,0.471229154456817,3,31,0.738095238095238,"Male","Latino/a","$100,000 - $149,999","Pacific",3.125,3.5,3.7777777,3.3333333,2.375,0
43507,43507,6,14,0.933333333333333,0.923076923076923,0.01,0.0666666666666667,2,0,1,6,1,"Female","African-American","$25,000 - $49,999","West South Central",4.5,3.3,4.2222223,3.3333333,3.625,3
43516,43516,14,73,0.802197802197802,0.882113821138211,0.037091825553364,0.197802197802198,2,0.0475699005441922,1,14,1,"Female","Latino/a","$100,000 - $149,999","Pacific",3.875,3,3,3.5555556,3.75,3
43581,43581,12,31,0.424242424242424,0.942857142857143,0.00991735537190083,0.0303030303030303,1,0.497448979591837,2,6,0.5,"Female","African-American","$250,000 or more","Mountain",4,2.9000001,2.8888888,2.7777777,3.625,1
43603,43603,4,6,1,1,0,0,1,0,1,4,1,"Male","White","$250,000 or more","Pacific",2.875,2.3,4.4444447,1.8888888,2.5,3
43710,43710,40,158,0.185897435897436,0.722553191489362,0.18307814581042,0.326923076923077,5,0.54192627824019,2,31,0.775,"Female","White","","Middle Atlantic",3.625,2.9000001,3.8888888,4.2222223,2.875,0
43794,43794,28,179,0.412698412698413,0.703150026695141,0.327426635245565,0.55026455026455,3,0.35568704799474,1,28,1,"Female","White","$100,000 - $149,999","Middle Atlantic",3.5,2.8,3.8888888,3.4444444,3.5,2
43809,43809,31,236,0.458064516129032,0.7021875,0.108744989929162,0.408602150537634,3,0.277149595538804,1,31,1,"Female","Foreign Student","$75,000 - $99,999","",3.625,3.4000001,3.7777777,4,1.75,1
44070,44070,20,35,0.184210526315789,0.478991596638655,0.384323381553298,0.184210526315789,6,0.493061224489796,2,18,0.9,"Female","Foreign Student","$75,000 - $99,999","East North Central",3.75,3.9000001,4.5555553,2.5555556,2.375,0
44310,44310,25,22,0.0733333333333333,0.813084112149533,0.00601348631239935,0.218333333333333,2,0.00826446280991739,18,8,0.32,"Male","White","$100,000 - $149,999","East North Central",3.25,3.5999999,4.7777777,4.2222223,1.75,1
44344,44344,45,255,0.249494949494949,0.547144396551724,0.172422194210635,0.545959595959596,5,0.296103853529807,1,45,1,"Male","White","$250,000 or more","East North Central",2.5,3.2,2.8888888,4.3333335,4,0
44447,44447,17,117,0.860294117647059,0.8984375,0.0115791326728827,0.139705882352941,2,0.0366717802615239,1,17,1,"Female","Asian-American","$150,000 - $199,999","Pacific",3.375,3,2.6666667,3.2222223,3.5,3
44639,44639,14,38,0.406593406593407,0.57286432160804,0.106936226166995,0.285714285714286,3,0.233382030679328,1,14,1,"Female","Asian-American","$50,000 - $74,999","South Atlantic",4.375,3.4000001,4.2222223,3.3333333,3,1
44675,44675,20,135,0.710526315789474,0.906315789473684,0.0430112618478269,0.236842105263158,2,0.08,2,19,0.95,"Female","White","$250,000 or more","West North Central",2.5,2.5,3.3333333,4,3.125,3
44869,44869,41,266,0.309756097560976,0.60275369709332,0.142093516615151,0.465243902439024,3,0.290656581313163,2,39,0.951219512195122,"Female","Foreign Student","less than $25,000","South Atlantic",3.75,2.5999999,4,3.4444444,3.375,1
44872,44872,29,124,0.283251231527094,0.684878048780488,0.206230653637116,0.359605911330049,4,0.391077504725898,2,26,0.896551724137931,"Female","White","$200,000 - $249,999","East North Central",3.125,3.4000001,4.2222223,3.7777777,3.25,1
44873,44873,38,240,0.312944523470839,0.622827156444736,0.267619506278754,0.524893314366999,3,0.347551652892562,1,38,1,"Male","White","$50,000 - $74,999","East North Central",3.25,2.5999999,3.3333333,4.1111112,2,1
44927,44927,55,289,0.160942760942761,0.647450110864745,0.159470868896096,0.339057239057239,3,0.539670173841494,5,40,0.727272727272727,"Female","Asian-American","$100,000 - $149,999","Mountain",2.75,2.5,3.8888888,3.8888888,3,0
45076,45076,24,67,0.235507246376812,0.586118251928021,0.414332359511944,0.329710144927536,5,0.403668639053254,1,24,1,"Female","Asian-American","$250,000 or more","Pacific",3.375,3.3,3.6666667,4.1111112,2.375,2
45097,45097,23,106,0.41501976284585,0.740293356341674,0.171135136999954,0.448616600790514,3,0.160680272108844,3,21,0.91304347826087,"Female","White","$50,000 - $74,999","East North Central",3.75,3.9000001,4.5555553,4,3.375,1
45375,45375,38,215,0.300142247510669,0.662583129156458,0.235816815996996,0.321479374110953,4,0.307405494036522,1,38,1,"Male","African-American","$50,000 - $74,999","East North Central",3.5,3.2,3.3333333,2.6666667,2.375,0
45641,45641,22,100,0.376623376623377,0.667529107373868,0.177715398735807,0.337662337662338,3,0.275399656493592,1,22,1,"Male","Latino/a","$75,000 - $99,999","Pacific",3,2.8,4.1111112,3.5555556,2.875,1
45776,45776,6,14,0.933333333333333,0.923076923076923,0.01,0.0666666666666667,2,0,1,6,1,"Male","African-American","$200,000 - $249,999","East North Central",4.125,3.7,2.7777777,2.8888888,4,3
45958,45958,9,17,0.472222222222222,0.666666666666667,0.415178571428572,0.402777777777778,3,0.143598615916955,1,9,1,"Female","Latino/a","$200,000 - $249,999","South Atlantic",3.875,3.8,3.5555556,4,2.5,2
45963,45963,64,420,0.186507936507937,0.587980508933406,0.315110229689765,0.353174603174603,4,0.476573110004527,2,63,0.984375,"Female","White","$75,000 - $99,999","East North Central",3.75,2.7,3.1111112,3.5555556,4,0
46151,46151,11,25,0.436363636363636,0.67741935483871,0.35037037037037,0.263636363636364,4,0.333333333333333,1,11,1,"Male","Latino/a","","Middle Atlantic",3.875,2.5999999,4,3.6666667,2.875,2
46266,46266,42,213,0.213704994192799,0.602267359470949,0.487306166964109,0.420441347270616,5,0.385884333648393,2,41,0.976190476190476,"Female","White","$50,000 - $74,999","Mountain",2,3.5,3.3333333,3.4444444,3.375,0
46365,46365,42,201,0.221835075493612,0.580009385265134,0.13544889184236,0.339140534262485,4,0.40839066911543,2,41,0.976190476190476,"Male","White","$100,000 - $149,999","East North Central",3.875,2.9000001,3.2222223,3.8888888,2.625,0
46373,46373,36,288,0.415873015873016,0.67379679144385,0.107004018446272,0.441269841269841,3,0.284540527941262,1,36,1,"Male","White","$200,000 - $249,999","Middle Atlantic",4.125,2.5999999,3.8888888,3.8888888,2.25,1
46558,46558,25,90,0.283333333333333,0.595384615384615,0.151846895053417,0.383333333333333,3,0.382491349480969,2,21,0.84,"Male","Latino/a","$25,000 - $49,999","Mountain",2.25,2.8,4.5555553,3,2.5,1
46701,46701,12,24,0.363636363636364,0.692307692307692,0.277685950413223,0.363636363636364,3,0.329861111111111,2,10,0.833333333333333,"Male","Asian-American","$250,000 or more","Middle Atlantic",3,2.9000001,4.6666665,3.7777777,1.75,2
46744,46744,20,68,0.357894736842105,0.739307535641548,0.469426490202113,0.273684210526316,4,0.30958044982699,1,20,1,"Male","White","$150,000 - $199,999","West North Central",2.375,3,4.1111112,3.5555556,3.625,2
47006,47006,23,116,0.446640316205534,0.773455377574371,0.183894136166863,0.462450592885375,2,0.189247396037278,3,21,0.91304347826087,"Female","White","$75,000 - $99,999","East North Central",3.75,4,3.4444444,3,3.75,1
47024,47024,39,160,0.201079622132254,0.574257425742574,0.30017219435502,0.351551956815115,3,0.401716138912662,2,35,0.897435897435897,"Female","White","$200,000 - $249,999","Pacific",3.875,3.3,3.1111112,2.7777777,3,0
47142,47142,39,277,0.287449392712551,0.747643979057592,0.211807426558119,0.34412955465587,3,0.375311335934228,3,37,0.948717948717949,"Female","Latino/a","$150,000 - $199,999","Pacific",3.625,3.4000001,3.8888888,3.7777777,2.625,1
47280,47280,19,56,0.327485380116959,0.780405405405405,0.0395334059549746,0.116959064327485,3,0.485331632653061,2,12,0.631578947368421,"Male","White","$250,000 or more","Pacific",4.25,3.2,4,3.8888888,2,1
47498,47498,33,220,0.397727272727273,0.811034482758621,0.322631055621425,0.321022727272727,4,0.340907029478458,1,33,1,"Female","African-American","$150,000 - $199,999","East North Central",3.25,3.5,4.2222223,4.1111112,2.125,2
47584,47584,13,26,0.282051282051282,0.717391304347826,0.0921717171717172,0.301282051282051,3,0.135330578512397,4,9,0.692307692307692,"Male","White","$150,000 - $199,999","South Atlantic",3.25,2.9000001,3,2.4444444,4,1
47810,47810,22,114,0.428571428571429,0.699421965317919,0.110649261096809,0.380952380952381,3,0.184828078767473,3,20,0.909090909090909,"Female","White","$75,000 - $99,999","West North Central",3.875,3.3,4.3333335,3.1111112,2.375,1
47886,47886,26,89,0.273846153846154,0.768345323741007,0.133214285714286,0.326153846153846,3,0.42551445524555,3,18,0.692307692307692,"Female","White","less than $25,000","East North Central",2.75,3.3,3.2222223,3.7777777,2.625,1
48013,48013,19,57,0.333333333333333,0.605113636363636,0.263538748832867,0.333333333333333,4,0.408125577100646,1,19,1,"Female","White","$200,000 - $249,999","Pacific",2.375,3.5999999,3.3333333,3.3333333,2.75,2
48154,48154,75,698,0.233513513513514,0.57876781055589,0.131461600257793,0.320540540540541,4,0.368179393385155,1,75,1,"Female","White","$250,000 or more","Middle Atlantic",3.75,2.9000001,4.3333335,4.2222223,2.25,0
48224,48224,42,244,0.262485481997677,0.633788395904437,0.137887573121654,0.322880371660859,3,0.381930848147858,2,39,0.928571428571429,"Female","Foreign Student","","East North Central",2.625,3.5,3.3333333,3,3.75,1
48676,48676,36,215,0.303174603174603,0.590614269362839,0.117554516706399,0.382539682539683,4,0.251432252405362,1,36,1,"Female","White","","New England",4.125,3.2,4.2222223,4.1111112,2.875,1
48826,48826,32,202,0.326612903225806,0.757417102966841,0.250410452075384,0.318548387096774,3,0.422648986434995,2,31,0.96875,"Male","White","$100,000 - $149,999","Pacific",4.25,3.5999999,4.4444447,3.5555556,2.75,1
48891,48891,8,16,0.571428571428571,1,0,0.142857142857143,1,0.1171875,2,6,0.75,"Male","White","$250,000 or more","South Atlantic",3.375,2.7,4.2222223,3.2222223,1.75,3
48946,48946,14,55,0.505494505494505,0.728706624605678,0.238987508218277,0.340659340659341,4,0.104678638941399,1,14,1,"Male","White","$50,000 - $74,999","East North Central",3.625,3.7,4.1111112,3.8888888,2.375,2
48969,48969,54,229,0.151642208245982,0.483248730964467,0.340740689923562,0.527603074772886,4,0.332827199558283,5,49,0.907407407407407,"Female","Latino/a","$50,000 - $74,999","West South Central",2,2.5,3.3333333,3.8888888,4.125,0
49010,49010,15,39,0.333333333333333,0.662576687116564,0.0854591836734694,0.30952380952381,3,0.344081632653061,2,11,0.733333333333333,"Male","White","$150,000 - $199,999","East South Central",4.125,3.5,4,3.7777777,2.5,1
49014,49014,28,135,0.335978835978836,0.696145124716553,0.301240175884051,0.256613756613757,3,0.304451608903218,1,28,1,"Female","Foreign Student","$25,000 - $49,999","South Atlantic",3.5,3,3.1111112,3,3.125,2
49086,49086,47,421,0.300647548566142,0.646383270483373,0.166241754656296,0.395004625346901,5,0.266049704142012,2,46,0.978723404255319,"Female","White","$150,000 - $199,999","East North Central",3.25,2.8,4,2.7777777,2.25,0
49125,49125,13,67,0.858974358974359,0.902325581395349,0.018001443001443,0.141025641025641,2,0.0333036310982402,1,13,1,"Female","White","$100,000 - $149,999","East North Central",2,3.4000001,4.4444447,3.3333333,3.375,3
49497,49497,33,113,0.200757575757576,0.544496487119438,0.125299649946827,0.361742424242424,3,0.400809896760413,2,26,0.787878787878788,"Female","White","$150,000 - $199,999","West North Central",3,3.9000001,4.3333335,3.7777777,2.375,1
49539,49539,20,124,0.515789473684211,0.723404255319149,0.210159902680678,0.484210526315789,2,0.262755102040816,1,20,1,"Male","White","$150,000 - $199,999","East North Central",3.5,3.3,3.6666667,2.8888888,2.375,1
49790,49790,43,246,0.250276854928018,0.516960651289009,0.138097366796221,0.368770764119601,4,0.320169942830292,1,43,1,"Female","Latino/a","$100,000 - $149,999","",4.25,3.5,4.1111112,3.5555556,2.25,0
49800,49800,17,65,0.455882352941176,0.712328767123288,0.300855654761905,0.356617647058824,3,0.325702393340271,1,17,1,"Female","Asian-American","$75,000 - $99,999","West North Central",3.5,3.3,4.4444447,3.1111112,3.375,2
49915,49915,13,36,0.397435897435897,0.671328671328671,0.563131313131313,0.435897435897436,3,0.328303850156087,1,13,1,"Male","White","$50,000 - $74,999","West South Central",1.625,2.3,3.8888888,3.6666667,1.5,2
50072,50072,31,107,0.217204301075269,0.676352705410822,0.187608100711549,0.449462365591398,3,0.298009999019704,7,25,0.806451612903226,"Female","White","$50,000 - $74,999","East North Central",3.625,3.5999999,3.7777777,3.7777777,3.125,1
50666,50666,41,361,0.341463414634146,0.616297786720322,0.183249185856937,0.508536585365854,3,0.194113520408163,2,40,0.975609756097561,"Female","White","$100,000 - $149,999","East North Central",3.25,3.2,3.5555556,3,3.25,1
50766,50766,31,225,0.421505376344086,0.631133074479351,0.12755990943922,0.478494623655914,3,0.240680966264057,1,31,1,"Male","White","$250,000 or more","West North Central",2,2.8,3.4444444,3.6666667,2.375,1
50797,50797,5,6,0.6,1,0,0.15,1,0,2,4,0.8,"Male","White","$250,000 or more","East North Central",1.5,2.9000001,2.5555556,3.5555556,5,3
50976,50976,42,147,0.164924506387921,0.725609756097561,0.131768788419591,0.274099883855981,6,0.313355485022813,7,35,0.833333333333333,"Male","White","$50,000 - $74,999","",1.75,3.2,4.5555553,4,3,0
51298,51298,28,136,0.341269841269841,0.584905660377359,0.278397992801285,0.547619047619048,3,0.293191514932997,1,28,1,"Male","White","$250,000 or more","East North Central",3.25,2.8,3.8888888,3.3333333,2.625,2
51437,51437,55,423,0.243771043771044,0.710922624199411,0.153612114598133,0.367340067340067,5,0.44771221879674,4,52,0.945454545454545,"Female","White","$50,000 - $74,999","West North Central",3.375,3,3.5555556,3.2222223,2.5,0
51475,51475,41,287,0.332926829268293,0.692789241827035,0.199600030026017,0.442073170731707,3,0.305089294100283,1,41,1,"Female","White","$250,000 or more","East North Central",2.125,2.8,3.3333333,3.5555556,2.625,1
51495,51495,51,263,0.192156862745098,0.545454545454545,0.445122858909798,0.647843137254902,4,0.350229071220325,2,50,0.980392156862745,"Male","White","$75,000 - $99,999","Pacific",4.375,2.4000001,3.7777777,4.2222223,2.875,0
51723,51723,41,54,0.0658536585365854,0.542016806722689,0.189114504085658,0.159146341463415,7,0.514746227709191,16,26,0.634146341463415,"Male","African-American","$50,000 - $74,999","East North Central",4,3.7,4.2222223,4,3.25,0
51760,51760,61,435,0.200546448087432,0.639226519337017,0.0390384793477273,0.282786885245902,3,0.460345685245269,3,39,0.639344262295082,"Male","White","$150,000 - $199,999","Pacific",2.875,3.3,3.3333333,3.8888888,2.125,0
51851,51851,19,59,0.339181286549708,0.530266343825666,0.35880335673364,0.549707602339181,3,0.253269916765755,1,19,1,"Male","Foreign Student","$100,000 - $149,999","",4.75,3,4.1111112,4.4444447,2.25,2
51865,51865,10,25,0.555555555555556,0.8671875,0.212962962962963,0.333333333333333,2,0.1048,2,9,0.9,"Female","Foreign Student","$75,000 - $99,999","Middle Atlantic",2.5,3.9000001,1.8888888,3,2.875,3
51882,51882,11,31,0.563636363636364,1,0,0.136363636363636,1,0.174817898022893,2,8,0.727272727272727,"Female","Latino/a","$25,000 - $49,999","South Atlantic",3.625,3.5,4,2.4444444,4,3
51952,51952,20,80,0.421052631578947,0.950847457627119,0.0221606648199446,0.0526315789473684,1,0.4921875,2,10,0.5,"Male","White","$100,000 - $149,999","South Atlantic",2.375,2.4000001,2.5555556,4.1111112,3.125,1
52051,52051,30,101,0.225287356321839,0.753472222222222,0.254197041480088,0.291954022988506,5,0.385099958350687,6,24,0.8,"Female","Foreign Student","$250,000 or more","",3.625,2.2,3.5555556,4.3333335,2.25,0
52123,52123,33,190,0.327651515151515,0.601324503311258,0.177377772829635,0.453598484848485,5,0.243793644959738,1,33,1,"Female","Asian-American","$250,000 or more","Middle Atlantic",3.875,3.4000001,2.7777777,2.5555556,2.375,0
52277,52277,9,22,0.611111111111111,0.728155339805825,0.21875,0.388888888888889,2,0.132231404958678,1,9,1,"Female","White","$250,000 or more","East North Central",3,4,3.5555556,3.8888888,3,3
52302,52302,32,143,0.23991935483871,0.792105263157895,0.291731887028453,0.276209677419355,6,0.381929242285149,3,28,0.875,"Male","White","$250,000 or more","Middle Atlantic",2.75,2.5999999,3.5555556,3.3333333,2.5,0
52621,52621,17,11,0.0808823529411765,0.461538461538462,0.0286458333333333,0.106617647058824,3,0.578512396694215,8,5,0.294117647058824,"Female","Foreign Student","less than $25,000","",2.5,3.4000001,3.7777777,4,3.25,1
52848,52848,19,73,0.426900584795322,0.930417495029821,0.00571895424836601,0.0730994152046784,2,0.495402514543066,2,10,0.526315789473684,"Male","White","$250,000 or more","Middle Atlantic",3.75,3.2,3.8888888,4.1111112,2,1
53333,53333,13,21,0.269230769230769,0.74025974025974,0.242424242424242,0.230769230769231,4,0.23015873015873,4,10,0.769230769230769,"Male","White","","East South Central",3.375,2.4000001,2.7777777,3.5555556,2.625,2
53518,53518,33,98,0.170454545454545,0.495376486129458,0.202957070021712,0.423295454545455,3,0.356543209876543,4,27,0.818181818181818,"Male","Asian-American","$75,000 - $99,999","Pacific",4.625,3.0999999,3.7777777,2.5555556,3,1
54030,54030,45,149,0.150505050505051,0.510373443983402,0.143326694614318,0.19040404040404,4,0.507995135354263,4,38,0.844444444444444,"Female","African-American","$200,000 - $249,999","West South Central",4,4.0999999,4.4444447,3.5555556,2.125,0
54098,54098,16,61,0.441666666666667,0.692307692307692,0.348571428571429,0.558333333333333,2,0.193663225347099,1,16,1,"Male","White","$150,000 - $199,999","East North Central",3.75,3.2,3.6666667,2.7777777,3.125,2
54200,54200,20,138,0.726315789473684,0.800410466906106,0.0293552417282796,0.273684210526316,2,0.0281716026044948,1,20,1,"Male","White","$250,000 or more","Mountain",3.75,2.8,3.1111112,2.6666667,2.125,3
54394,54394,36,329,0.466666666666667,0.878913171884229,0.205575030012005,0.219047619047619,3,0.325211717339997,1,36,1,"Male","White","$250,000 or more","East North Central",3.875,2.8,3.5555556,4.2222223,3,1
54435,54435,34,246,0.392156862745098,0.666462104940166,0.167318697716425,0.547237076648841,3,0.32172520661157,2,33,0.970588235294118,"Female","Latino/a","$250,000 or more","South Atlantic",2.625,2.5,3.8888888,3.1111112,2.875,1
54837,54837,12,10,0.151515151515152,1,0,0.0303030303030303,1,0.72,5,3,0.25,"Male","White","$200,000 - $249,999","East North Central",2.875,3.7,4.5555553,4.8888888,2,1
54956,54956,47,266,0.220166512488437,0.600223546944858,0.235744835742887,0.323311748381129,4,0.502568674528635,2,46,0.978723404255319,"Female","White","$250,000 or more","West South Central",3,3.5,4,3,3.75,0
55340,55340,11,21,0.381818181818182,0.692307692307692,0.448888888888889,0.218181818181818,4,0.376417233560091,1,11,1,"Female","Foreign Student","$250,000 or more","",3.25,3.0999999,3.7777777,3,3.25,2
55424,55424,38,223,0.260312944523471,0.625461254612546,0.164268011340083,0.388335704125178,3,0.333198960852817,2,35,0.921052631578947,"Female","White","$150,000 - $199,999","East North Central",2.125,2.2,3.5555556,4.3333335,3.125,1
55452,55452,24,78,0.264492753623188,0.913669064748201,0.142292490118577,0.257246376811594,2,0.600112591480578,3,13,0.541666666666667,"Female","White","$100,000 - $149,999","South Atlantic",3,3.4000001,3.1111112,3.1111112,3.875,1
55533,55533,21,142,0.576190476190476,0.837027379400261,0.0947631578947369,0.373809523809524,2,0.161054572775084,2,20,0.952380952380952,"Male","White","$150,000 - $199,999","West North Central",3.875,3.3,4,4.2222223,3.125,3
55569,55569,24,115,0.373188405797101,0.588921282798834,0.234016644980728,0.496376811594203,3,0.278489961353568,1,24,1,"Female","Latino/a","$75,000 - $99,999","South Atlantic",3.125,2.3,4.4444447,3.1111112,3.625,1
55685,55685,20,78,0.410526315789474,0.777227722772277,0.31724046959504,0.326315789473684,3,0.408201840894149,2,19,0.95,"Female","White","","East North Central",4,3.3,4.4444447,4.4444447,2.375,2
55881,55881,29,164,0.381773399014778,0.771853688778673,0.349585704329894,0.225369458128079,4,0.42006243496358,1,29,1,"Male","White","$250,000 or more","East North Central",3.25,4,3.7777777,3.8888888,2.375,2
56058,56058,47,317,0.279370952821462,0.883928571428571,0.0508685150178534,0.177150786308973,3,0.51139752642428,2,27,0.574468085106383,"Male","Latino/a","$100,000 - $149,999","Middle Atlantic",2.125,3.2,3.2222223,3.4444444,3.375,0
56480,56480,8,21,0.75,1,0,0.107142857142857,1,0,2,7,0.875,"Male","White","$200,000 - $249,999","West North Central",3.625,2.9000001,3.8888888,3.1111112,3.125,3
56527,56527,18,101,0.568627450980392,0.732851985559567,0.164888161146812,0.431372549019608,2,0.247060377857049,1,18,1,"Male","Latino/a","$200,000 - $249,999","Pacific",3.5,3.3,3.5555556,3.2222223,3.875,1
56543,56543,15,20,0.19047619047619,0.608108108108108,0.120094191522763,0.380952380952381,2,0.235,6,9,0.6,"Female","African-American","less than $25,000","East North Central",2.25,4.1999998,4.3333335,4.2222223,3.75,1
56798,56798,38,220,0.297297297297297,0.842846553002224,0.00523842798617573,0.216216216216216,2,0.400998145646849,7,20,0.526315789473684,"Male","White","$150,000 - $199,999","East North Central",4.5,3.9000001,4.3333335,4.2222223,2.25,1
56805,56805,19,53,0.298245614035088,0.733333333333333,0.485330428467683,0.257309941520468,4,0.466935793925413,1,19,1,"Male","White","$100,000 - $149,999","East North Central",3.75,4.0999999,4.6666665,4.2222223,1.875,2
57045,57045,39,184,0.248313090418354,0.69493278179938,0.0722116457573521,0.330634278002699,3,0.460848889413989,2,24,0.615384615384615,"Female","White","$50,000 - $74,999","East North Central",3.625,3.2,4.3333335,3.1111112,2.875,1
57144,57144,14,17,0.186813186813187,0.923076923076923,0.00591715976331361,0.043956043956044,1,0.726643598615917,4,4,0.285714285714286,"Female","Asian-American","$250,000 or more","East North Central",2.5,3.3,3.8888888,3.6666667,3.25,1
57292,57292,36,212,0.336507936507937,0.639307228915663,0.34041320360528,0.492063492063492,4,0.381174350302599,1,36,1,"Female","White","$100,000 - $149,999","East North Central",2.75,3.2,4.4444447,4.2222223,2.25,2
57325,57325,32,113,0.193548387096774,0.461229946524064,0.206278312584244,0.32258064516129,4,0.402506510416667,2,31,0.96875,"Female","Latino/a","$150,000 - $199,999","East North Central",3.5,3.9000001,2.5555556,3.5555556,4.25,0
57359,57359,35,186,0.243697478991597,0.596273291925466,0.187924742057562,0.432773109243697,3,0.315695600475624,5,31,0.885714285714286,"Female","White","$250,000 or more","East North Central",3.125,2.8,3.3333333,3,3,1
57443,57443,54,136,0.0894479385045423,0.631336405529954,0.292489425846492,0.155835080363382,10,0.67242431640625,5,46,0.851851851851852,"Female","Latino/a","","",3.875,3,4.4444447,3.8888888,3.75,0
57697,57697,33,161,0.303030303030303,0.719254658385093,0.492747710853495,0.321969696969697,4,0.465390625,1,33,1,"Female","White","$250,000 or more","East North Central",4,3.9000001,3.8888888,4,3.875,2
57842,57842,35,250,0.373109243697479,0.612746585735964,0.266417783941159,0.597478991596639,3,0.266100560019479,1,35,1,"Female","White","$100,000 - $149,999","East North Central",3.375,2.7,4,3.6666667,2.625,1
57854,57854,8,28,1,1,0,0,1,0,1,8,1,"Female","White","$250,000 or more","Middle Atlantic",3.875,3.3,3.7777777,4.1111112,3.25,3
58196,58196,71,384,0.145271629778672,0.650723025583982,0.165127524409573,0.297585513078471,3,0.583727871946962,6,47,0.661971830985915,"Female","White","$250,000 or more","South Atlantic",3.875,3.7,4.5555553,4.6666665,2.75,0
58219,58219,37,105,0.157657657657658,0.683544303797468,0.054376102292769,0.147897897897898,3,0.582131519274376,4,19,0.513513513513513,"Female","Asian-American","$250,000 or more","West North Central",2.875,4,4.8888888,3.1111112,3.75,1
58437,58437,9,26,0.666666666666667,0.769230769230769,0.207589285714286,0.333333333333333,2,0.103298611111111,1,9,1,"Male","Asian-American","$100,000 - $149,999","South Atlantic",4.375,3.5,3.5555556,3.2222223,2,3
58633,58633,9,6,0.166666666666667,0.428571428571429,0.169642857142857,0.208333333333333,4,0.319444444444444,4,6,0.666666666666667,"Female","African-American","$25,000 - $49,999","West South Central",3.75,3.2,4,3.3333333,2.625,1
58654,58654,8,13,0.464285714285714,1,0,0.107142857142857,1,0.355029585798817,2,5,0.625,"Female","White","$150,000 - $199,999","South Atlantic",4.625,3.5999999,3.6666667,4.4444447,2.125,1
58682,58682,35,333,0.431932773109244,0.712608021271881,0.20389713612032,0.391596638655462,3,0.1784962679223,1,35,1,"Female","White","$100,000 - $149,999","East North Central",2.625,3.3,3.7777777,3.4444444,3.75,1
58793,58793,31,153,0.30752688172043,0.577596266044341,0.347829775588396,0.659139784946237,3,0.312166854124896,1,31,1,"Female","White","$250,000 or more","Pacific",2.75,2.4000001,3.2222223,3.8888888,3.75,2
59097,59097,46,286,0.270531400966184,0.654046997389034,0.204633338890178,0.307246376811594,4,0.466575255102041,1,46,1,"Male","White","$250,000 or more","Middle Atlantic",3.625,3.0999999,2.6666667,4.1111112,2.375,0
59178,59178,4,7,1,1,0,0,1,0,1,4,1,"Female","Foreign Student","$250,000 or more","",3.75,3.0999999,3.7777777,4.6666665,2.75,3
59207,59207,47,373,0.250693802035153,0.643028525726473,0.241663542663109,0.423219241443108,4,0.398632916218461,1,47,1,"Male","White","$200,000 - $249,999","Pacific",3.125,3.8,4,3.8888888,2.75,0
59355,59355,23,80,0.268774703557312,0.657266811279826,0.506156280861122,0.367588932806324,4,0.38386678200692,2,22,0.956521739130435,"Female","White","$150,000 - $199,999","Middle Atlantic",3.375,3.2,3,3.4444444,3.625,2
59592,59592,57,317,0.176065162907268,0.497919216646267,0.173323675279984,0.448934837092732,4,0.350369169590051,3,55,0.964912280701754,"Female","White","$100,000 - $149,999","East North Central",3,3.3,3.7777777,2.7777777,4,0
59673,59673,43,393,0.375415282392027,0.66395483978084,0.220530558169533,0.457918050941307,3,0.34326189295255,1,43,1,"Female","White","$200,000 - $249,999","West North Central",3.625,4,4,3.3333333,2.25,1
59863,59863,25,103,0.326666666666667,0.859504132231405,0.103147644927536,0.215,2,0.52795710120783,2,14,0.56,"Male","White","$50,000 - $74,999","East North Central",3.25,3.5,4,4.3333335,1.875,1
59900,59900,28,123,0.317460317460317,0.930675909878683,0.0099187506594914,0.164021164021164,2,0.418194444444444,3,14,0.5,"Female","White","$250,000 or more","East South Central",3,3,4.5555553,3.7777777,2.75,1
60008,60008,31,149,0.305376344086022,0.744493392070485,0.0474536721538221,0.227956989247312,3,0.457820868875223,3,22,0.709677419354839,"Male","White","$150,000 - $199,999","East North Central",2,3.0999999,4.3333335,4,2.75,1
60216,60216,15,32,0.304761904761905,0.876623376623377,0.0833987441130298,0.266666666666667,2,0.3046875,4,9,0.6,"Male","White","$25,000 - $49,999","East North Central",2.125,2.4000001,3.5555556,3.8888888,2.625,1
60230,60230,13,44,0.5,0.794520547945205,0.558080808080808,0.5,2,0.343195266272189,1,13,1,"Male","White","$100,000 - $149,999","East North Central",2.625,3.8,3.1111112,4.7777777,3.75,2
60367,60367,25,78,0.26,0.85781990521327,0.266581119162641,0.281666666666667,5,0.3327580539119,4,22,0.88,"Male","African-American","$100,000 - $149,999","Middle Atlantic",3.75,3,3.6666667,3,2.875,2
60396,60396,78,1258,0.369297369297369,0.680125451334897,0.216687016526664,0.578754578754579,3,0.310326364908475,1,78,1,"Male","White","$250,000 or more","East North Central",3.25,2.9000001,3.7777777,4.2222223,3.375,0
60493,60493,58,418,0.216575922565033,0.523784901758015,0.140589106838111,0.397459165154265,5,0.329862519896383,2,57,0.982758620689655,"Male","White","$150,000 - $199,999","West North Central",1.5,2.0999999,4.2222223,3.6666667,2.75,0
60903,60903,17,104,0.764705882352941,0.842233009708738,0.0337634341931217,0.235294117647059,2,0.0853827662721894,1,17,1,"Female","White","$25,000 - $49,999","East North Central",4.25,3.9000001,3,3.4444444,2.75,3
60963,60963,13,26,0.333333333333333,0.641025641025641,0.611111111111111,0.5,3,0.298076923076923,1,13,1,"Male","African-American","$150,000 - $199,999","Mountain",2,3,4.1111112,4.2222223,3.625,2
60997,60997,35,215,0.339495798319328,0.643507588532884,0.212942971711452,0.51344537815126,3,0.250465640623468,1,35,1,"Male","White","$150,000 - $199,999","East North Central",2.75,1.7,3,2.6666667,3.25,1
61028,61028,45,318,0.306060606060606,0.596200980392157,0.120465661920226,0.375757575757576,4,0.309267065320393,1,45,1,"Female","White","$250,000 or more","Middle Atlantic",3.5,2.3,4.3333335,4,2.5,0
61289,61289,5,3,0.3,0,0.25,0.2,3,0.166666666666667,2,4,0.8,"Male","Latino/a","less than $25,000","New England",4.125,3.9000001,4.4444447,3.8888888,3,2
61389,61389,9,23,0.638888888888889,0.735294117647059,0.10140306122449,0.236111111111111,3,0.180529300567108,1,9,1,"Female","White","$100,000 - $149,999","East North Central",2.5,3.5,4,3.4444444,4,3
61659,61659,9,16,0.444444444444444,1,0,0.0555555555555556,1,0.46875,2,5,0.555555555555556,"Female","Foreign Student","$150,000 - $199,999","East North Central",3.25,3.2,3.4444444,3.2222223,3,1
61756,61756,20,96,0.505263157894737,0.626768226332971,0.0700488333968319,0.231578947368421,3,0.17919921875,1,20,1,"Male","Latino/a","$75,000 - $99,999","New England",3.375,2.8,3.1111112,2.8888888,2.875,1
61772,61772,17,61,0.404411764705882,0.829145728643216,0.0794270833333333,0.345588235294118,2,0.253223140495868,3,13,0.764705882352941,"Male","White","$250,000 or more","East North Central",4,3.5,3.2222223,3.7777777,2.125,1
62072,62072,7,21,1,1,0,0,1,0,1,7,1,"Male","White","$250,000 or more","New England",4.625,4,4.6666665,4.5555553,1.5,3
62246,62246,66,492,0.213519813519814,0.592821304515631,0.226964669061488,0.355710955710956,4,0.460822638775004,1,66,1,"Male","White","$250,000 or more","South Atlantic",2.125,2.5999999,4.1111112,3.8888888,1.625,0
62617,62617,41,270,0.290243902439024,0.68135593220339,0.227275782088282,0.334756097560976,3,0.383791751994916,2,40,0.975609756097561,"Female","White","$250,000 or more","East North Central",4.25,3,4,3.7777777,2.125,1
63122,63122,25,125,0.4,0.763502454991817,0.122215171184827,0.225,4,0.290173611111111,1,25,1,"Male","White","$150,000 - $199,999","East North Central",3.75,3,3.5555556,4.3333335,1,1
63138,63138,37,173,0.243243243243243,0.621401752190238,0.500658197622483,0.534534534534535,3,0.497694711172077,1,37,1,"Female","White","$250,000 or more","Middle Atlantic",4.125,2.5,4.4444447,4.2222223,2,2
63347,63347,79,452,0.132099967543006,0.514338575393155,0.283312711814585,0.419182083739046,6,0.441877101582261,3,75,0.949367088607595,"Male","Latino/a","$75,000 - $99,999","East North Central",2.375,3,3.8888888,3.5555556,3.375,0
63419,63419,27,108,0.290598290598291,0.580645161290323,0.423409974640744,0.632478632478632,3,0.296088043060361,1,27,1,"Female","White","$200,000 - $249,999","East North Central",4.25,2.3,4.7777777,3.7777777,2.25,2
63611,63611,13,55,0.705128205128205,0.82004555808656,0.0913299663299663,0.294871794871795,2,0.148595041322314,1,13,1,"Female","White","$150,000 - $199,999","West North Central",4.5,2.7,4.5555553,2.6666667,2.125,3
63904,63904,59,237,0.126241963763881,0.54123006833713,0.283115146475734,0.287551139684395,7,0.551429612482853,5,55,0.932203389830508,"Female","African-American","$25,000 - $49,999","West South Central",2.125,2.4000001,4.5555553,4.1111112,3.875,0
63922,63922,16,53,0.441666666666667,0.842696629213483,0.0126258503401361,0.225,2,0.256318974724101,2,11,0.6875,"Female","White","$25,000 - $49,999","",4.25,2.5999999,5,4.7777777,1.625,1
63954,63954,14,36,0.395604395604396,0.670588235294118,0.33629191321499,0.296703296703297,4,0.332947530864197,1,14,1,"Female","Foreign Student","$100,000 - $149,999","",2.375,3.4000001,4.1111112,3.6666667,3,2
64058,64058,18,85,0.555555555555556,0.88,0.0901077944546803,0.26797385620915,3,0.0545328719723183,2,16,0.888888888888889,"Female","White","$150,000 - $199,999","East North Central",4,3.5999999,2.8888888,4.1111112,3.375,3
64072,64072,40,88,0.112820512820513,0.843264248704663,0.0692065469393404,0.271794871794872,3,0.350981404958678,21,20,0.5,"Female","White","$50,000 - $74,999","Pacific",4.625,3.7,4.1111112,3.6666667,2.375,1
64075,64075,16,48,0.316666666666667,0.716666666666667,0.379047619047619,0.283333333333333,4,0.373614958448753,2,15,0.9375,"Male","Foreign Student","less than $25,000","South Atlantic",3,4,4,3.4444444,3.375,2
64157,64157,32,144,0.245967741935484,0.724038461538462,0.051991957631916,0.205645161290323,3,0.458478903520559,2,22,0.6875,"Female","White","","South Atlantic",2.625,3.2,5,4.3333335,2.125,1
64232,64232,21,94,0.385714285714286,0.563492063492063,0.303802631578947,0.614285714285714,2,0.204160951074531,1,21,1,"Female","White","$250,000 or more","East North Central",3.875,3,4.3333335,4.3333335,3.875,2
64296,64296,29,172,0.354679802955665,0.601699716713881,0.117925138028596,0.431034482758621,3,0.200352044753086,3,27,0.931034482758621,"Male","White","$100,000 - $149,999","East North Central",2.5,2.5,3.5555556,4,2.75,1
64302,64302,21,89,0.404761904761905,0.670915411355736,0.431026315789474,0.545238095238095,3,0.146643598615917,1,21,1,"Male","White","","Middle Atlantic",2.875,3.9000001,2.6666667,4.1111112,3.25,2
64406,64406,10,29,0.644444444444444,1,0,0.133333333333333,1,0.0665873959571938,2,8,0.8,"Female","Foreign Student","less than $25,000","",4,3.5,4.7777777,4.6666665,1.25,3
64572,64572,25,138,0.46,0.829752066115702,0.313217089371981,0.415,4,0.197043688300777,2,24,0.96,"Male","Latino/a","$50,000 - $74,999","West North Central",3.875,3.4000001,3.8888888,3.6666667,2.75,2
64595,64595,19,125,0.730994152046784,0.888495575221239,0.0223003455029599,0.213450292397661,2,0.0472,2,18,0.947368421052632,"Male","White","$100,000 - $149,999","Middle Atlantic",3.5,3.3,4,3.7777777,2.75,3
64978,64978,8,28,1,1,0,0,1,0,1,8,1,"Male","Latino/a","$250,000 or more","South Atlantic",4,3.5999999,3.5555556,3,2,3
65061,65061,17,58,0.426470588235294,0.729528535980149,0.295138888888889,0.323529411764706,4,0.270957193816885,1,17,1,"Female","White","$150,000 - $199,999","East North Central",3.75,2.5999999,3.8888888,3.5555556,3.125,2
65072,65072,40,309,0.358974358974359,0.760814831769284,0.0318460664605351,0.333333333333333,2,0.330076530612245,2,28,0.7,"Male","White","$250,000 or more","West North Central",3.625,2.8,3.4444444,3.2222223,2.375,1
65143,65143,24,143,0.510869565217391,0.703659268146371,0.0937595004657395,0.315217391304348,3,0.284794527438258,1,24,1,"Female","White","$150,000 - $199,999","East North Central",4.125,2.7,3.6666667,3.5555556,3.75,1
65656,65656,26,85,0.230769230769231,0.593582887700535,0.353333333333333,0.569230769230769,2,0.394844444444444,2,21,0.807692307692308,"Male","White","$75,000 - $99,999","West South Central",3.625,3.5999999,4.3333335,4.2222223,2.375,2
66047,66047,50,304,0.235918367346939,0.54383154039826,0.268327592317363,0.56,4,0.409974736892518,1,50,1,"Female","Latino/a","$25,000 - $49,999","Mountain",3.25,2.2,2.7777777,4,3.625,0
66061,66061,14,21,0.230769230769231,0.661016949152542,0.122781065088757,0.230769230769231,3,0.471655328798186,3,8,0.571428571428571,"Male","Foreign Student","$100,000 - $149,999","",4.25,3,3.4444444,3.2222223,2.875,1
66156,66156,48,389,0.26241134751773,0.673267326732673,0.203003523136576,0.333333333333333,4,0.377904720598977,2,47,0.979166666666667,"Female","White","$75,000 - $99,999","Mountain",2.75,3.0999999,3.2222223,2.6666667,4.125,0
66406,66406,4,6,1,1,0,0,1,0,1,4,1,"Male","White","$150,000 - $199,999","Pacific",1.5,4,4.2222223,3.5555556,3,3
66629,66629,26,59,0.181538461538462,0.556291390728477,0.245764444444444,0.258461538461538,5,0.456621660442402,3,24,0.923076923076923,"Female","White","$200,000 - $249,999","",2.375,3.4000001,4.6666665,3.6666667,2.625,0
66642,66642,22,117,0.502164502164502,0.778494623655914,0.382583414318108,0.497835497835498,2,0.141832639714625,1,22,1,"Male","White","$150,000 - $199,999","West North Central",2.5,3.9000001,4,3.3333333,2.875,2
66655,66655,26,136,0.350769230769231,0.547848990342406,0.345295613275613,0.609230769230769,3,0.257040627885503,1,26,1,"Female","Latino/a","$100,000 - $149,999","West North Central",3.5,3.5,4.2222223,4.2222223,2.875,2
66676,66676,53,325,0.206821480406386,0.495712630359212,0.27360912056226,0.581640058055152,4,0.347196060326254,2,52,0.981132075471698,"Female","White","","East North Central",1.625,2.7,4.4444447,3.2222223,2.625,0
66682,66682,45,148,0.149494949494949,0.702127659574468,0.0675812031520277,0.282323232323232,2,0.60509495982469,5,20,0.444444444444444,"Male","White","$50,000 - $74,999","East North Central",4.25,3.4000001,4.2222223,3.4444444,1.875,1
66800,66800,10,43,0.844444444444444,0.905660377358491,0.0445326278659612,0.155555555555556,2,0.0051939058171745,1,10,1,"Male","White","$100,000 - $149,999","East North Central",3.375,2.3,3,4.1111112,2.125,3
66815,66815,51,569,0.356078431372549,0.634901365705615,0.103662550148365,0.483921568627451,4,0.28884463117856,1,51,1,"Male","White","$50,000 - $74,999","West North Central",4.25,3,3.6666667,4.3333335,3.5,0
66979,66979,19,36,0.210526315789474,0.7265625,0.0925925925925926,0.178362573099415,3,0.576003086419753,3,9,0.473684210526316,"Female","Latino/a","$250,000 or more","Middle Atlantic",4.125,3.9000001,2.6666667,2.1111112,3.375,1
67015,67015,34,136,0.215686274509804,0.631578947368421,0.305759024224933,0.329768270944742,5,0.469059490471962,2,33,0.970588235294118,"Female","Latino/a","$75,000 - $99,999","West South Central",3.375,3.4000001,4.2222223,4.1111112,2.25,0
67106,67106,41,259,0.302439024390244,0.626526624328285,0.140294282446856,0.472560975609756,3,0.21705092351717,3,39,0.951219512195122,"Male","White","$75,000 - $99,999","East North Central",2.75,3.7,4.1111112,4.3333335,2.375,1
67177,67177,34,120,0.197860962566845,0.543504171632896,0.535861774308744,0.408199643493761,5,0.473703433162893,1,34,1,"Female","Foreign Student","less than $25,000","Pacific",3.25,3.3,4,3.1111112,3.25,2
67192,67192,54,239,0.147449336128581,0.566937869822485,0.0957214020167386,0.36198462613557,4,0.334022146852047,15,40,0.740740740740741,"Female","Latino/a","$25,000 - $49,999","South Atlantic",3.25,3.5999999,2.8888888,4.3333335,2.375,0
67334,67334,34,131,0.203208556149733,0.848806366047745,0.0220848455696941,0.251336898395722,3,0.295783317943983,8,17,0.5,"Female","Latino/a","$75,000 - $99,999","South Atlantic",2.25,3.9000001,3.5555556,3.5555556,3.125,1
67544,67544,31,175,0.363440860215054,0.750753768844221,0.133856326304602,0.236559139784946,3,0.408721683414446,2,30,0.967741935483871,"Female","White","$250,000 or more","East North Central",3.75,3.5999999,4.7777777,3.1111112,2.5,1
67574,67574,38,233,0.312944523470839,0.741176470588235,0.0468419981933495,0.335704125177809,3,0.320702479338843,2,27,0.710526315789474,"Male","White","$250,000 or more","East North Central",4.125,2.5999999,3.5555556,4.4444447,2,1
67608,67608,45,410,0.336363636363636,0.661413404114134,0.126002833745166,0.390909090909091,4,0.261148535923311,1,45,1,"Male","White","$250,000 or more","New England",2.625,3.3,4.1111112,4.2222223,2.25,0
67709,67709,73,475,0.160578386605784,0.477179681576952,0.229636551398952,0.436643835616438,4,0.427930077940747,1,73,1,"Male","Latino/a","$50,000 - $74,999","South Atlantic",3.375,3.7,4.2222223,3.6666667,2.625,0
67771,67771,6,10,0.666666666666667,1,0,0.133333333333333,1,0,2,5,0.833333333333333,"Male","White","","",3.75,2.5,3.7777777,2.8888888,2.625,3
67917,67917,7,20,0.952380952380952,0.947368421052632,0.00444444444444445,0.0476190476190476,2,0,1,7,1,"Male","White","$75,000 - $99,999","Middle Atlantic",2.125,4,3.7777777,3,3,3
67918,67918,26,171,0.433846153846154,0.705431309904153,0.167664107131306,0.366153846153846,4,0.314370504501786,1,26,1,"Male","White","$250,000 or more","Pacific",2.375,2.7,3.3333333,4,2.125,1
67993,67993,49,338,0.267006802721088,0.659269147338562,0.0576869314063186,0.482993197278912,2,0.214050265730861,13,37,0.755102040816326,"Female","White","","Middle Atlantic",4,3.2,4.2222223,3.7777777,3.625,1
68050,68050,23,121,0.478260869565217,0.762674504041146,0.270944837990293,0.385375494071146,3,0.251553855610956,1,23,1,"Female","White","$150,000 - $199,999","East North Central",4.125,3.2,3.8888888,3.6666667,2.25,2
68318,68318,52,429,0.276772247360483,0.548556037707616,0.113242717665089,0.448717948717949,3,0.303358106452643,1,52,1,"Female","White","$100,000 - $149,999","Middle Atlantic",4.5,3.3,4,4.3333335,2.625,1
68404,68404,54,397,0.262753319357093,0.744211686879824,0.0352079418960309,0.246680642907058,3,0.523667383431417,2,29,0.537037037037037,"Female","White","$75,000 - $99,999","East North Central",4.625,2.9000001,4.3333335,3.4444444,2.625,0
68679,68679,22,98,0.393939393939394,0.628329297820823,0.218761112910773,0.415584415584416,3,0.287827557058326,1,22,1,"Male","Latino/a","$250,000 or more","South Atlantic",3,3.5999999,3.5555556,3.2222223,2,1
68764,68764,10,17,0.377777777777778,0.933333333333333,0.0833333333333333,0.0666666666666667,1,0.484429065743945,2,5,0.5,"Male","White","$75,000 - $99,999","Middle Atlantic",3,3,3.1111112,3.8888888,2.625,1
69009,69009,14,58,0.626373626373626,0.791574279379157,0.171959237343853,0.373626373626374,2,0.186365035395506,1,14,1,"Female","White","$75,000 - $99,999","East North Central",4.125,3.4000001,3.8888888,3.8888888,2.875,3
69057,69057,66,425,0.174358974358974,0.737115461446264,0.272204142011834,0.179487179487179,7,0.601615001858789,3,58,0.878787878787879,"Male","Latino/a","$150,000 - $199,999","West South Central",2.25,2.5999999,3.1111112,3.2222223,3.375,0
69124,69124,5,14,1,1,0,0,1,0,1,5,1,"Male","Latino/a","$75,000 - $99,999","East North Central",2.625,2.5999999,3.5555556,3.2222223,2.125,3
69217,69217,41,183,0.203658536585366,0.752759381898455,0.618092071123321,0.271341463414634,5,0.624529384345082,1,41,1,"Male","White","$250,000 or more","East North Central",3.375,3.5999999,4.6666665,3.8888888,2.625,0
69419,69419,13,24,0.307692307692308,0.876404494382022,0.00989057239057239,0.192307692307692,2,0.375,4,7,0.538461538461538,"Female","Foreign Student","$50,000 - $74,999","East North Central",3,3.5,3.5555556,3.6666667,3.375,1
69496,69496,17,106,0.779411764705882,0.908610271903323,0.108628472222222,0.220588235294118,2,0.0364898540405838,1,17,1,"Female","White","$100,000 - $149,999","South Atlantic",2.375,3.3,3.3333333,4.4444447,3.75,3
69807,69807,17,26,0.191176470588235,0.708333333333333,0.1375,0.183823529411765,3,0.582840236686391,3,10,0.588235294117647,"Male","White","$75,000 - $99,999","Middle Atlantic",3.625,3.9000001,4.1111112,3.3333333,2.625,1
69831,69831,38,252,0.304409672830725,0.739890710382514,0.147915169616282,0.317211948790896,4,0.365392173988995,1,38,1,"Male","Asian-American","$200,000 - $249,999","Middle Atlantic",3,3.4000001,4,3.4444444,2.375,0
69936,69936,44,140,0.144820295983087,0.565815324165029,0.287994708828953,0.320295983086681,6,0.553785497362673,3,40,0.909090909090909,"Male","White","$200,000 - $249,999","Pacific",2.625,2.9000001,3.5555556,2.7777777,3,0
70005,70005,31,166,0.329032258064516,0.816989381636477,0.0409961685823755,0.237634408602151,2,0.404118074244948,2,18,0.580645161290323,"Male","White","$150,000 - $199,999","New England",2.375,2.8,3.3333333,2.7777777,3.625,1
70125,70125,17,54,0.382352941176471,0.711428571428572,0.18359375,0.367647058823529,3,0.288276627218935,2,16,0.941176470588235,"Female","White","$250,000 or more","West South Central",4,4.1999998,3.5555556,4.1111112,3.5,1
70209,70209,7,12,0.523809523809524,0.75,0.111111111111111,0.30952380952381,2,0.0454545454545455,2,6,0.857142857142857,"Male","Latino/a","less than $25,000","Middle Atlantic",2.625,3.7,3.2222223,3.4444444,2.875,3
70434,70434,17,63,0.463235294117647,0.691860465116279,0.22109126984127,0.411764705882353,3,0.173469387755102,1,17,1,"Female","White","$250,000 or more","West North Central",2.875,3.5,3.8888888,2.8888888,3.5,1
70492,70492,29,105,0.231527093596059,0.623169107856192,0.201977828168304,0.304187192118227,4,0.367756903576279,3,27,0.931034482758621,"Male","Foreign Student","$100,000 - $149,999","South Atlantic",4.5,3.5,4.8888888,4,2.375,1
70552,70552,25,194,0.61,0.738361602309636,0.0320329162607242,0.306666666666667,3,0.139209889814566,1,25,1,"Female","White","$100,000 - $149,999","East North Central",2.375,3.3,4.5555553,3.2222223,1.875,3
70561,70561,7,6,0.285714285714286,1,0,0.0476190476190476,1,0.5,3,3,0.428571428571429,"Female","African-American","$250,000 or more","East North Central",4.625,4.1999998,4.3333335,3,4.375,1
70566,70566,24,103,0.373188405797101,0.857142857142857,0.0164109362597075,0.105072463768116,3,0.498821755113583,2,13,0.541666666666667,"Female","White","$200,000 - $249,999","East North Central",3.875,2.4000001,2.5555556,4.5555553,3.375,1
70661,70661,33,138,0.261363636363636,0.645850451930978,0.230466799875192,0.269886363636364,3,0.458805923125394,1,33,1,"Male","African-American","$25,000 - $49,999","East North Central",4.125,3.4000001,4,3.8888888,2.5,1
70668,70668,12,44,0.666666666666667,0.716723549488055,0.088595041322314,0.333333333333333,2,0.158832644628099,1,12,1,"Female","White","$100,000 - $149,999","Pacific",3.75,3.2,3.8888888,2.7777777,2.875,3
70745,70745,60,450,0.229943502824859,0.64262346159838,0.0912044758444159,0.380225988700565,3,0.492366389172286,2,46,0.766666666666667,"Female","African-American","$150,000 - $199,999","East North Central",3,3.5999999,3.6666667,3.3333333,2.375,0
70962,70962,28,209,0.444444444444444,0.742224316682375,0.129154795821462,0.333333333333333,3,0.295847505668934,1,28,1,"Female","Asian-American","$250,000 or more","Middle Atlantic",3.875,3.5,3.6666667,2.8888888,2.125,1
71089,71089,39,203,0.244264507422402,0.641266699653637,0.231462520503379,0.51889338731444,3,0.426681114740087,2,31,0.794871794871795,"Male","White","$50,000 - $74,999","West North Central",2.875,3.0999999,2.2222223,3.1111112,2.875,1
71193,71193,24,30,0.0978260869565217,0.524271844660194,0.222890531019075,0.33695652173913,4,0.427297668038409,8,14,0.583333333333333,"Male","Latino/a","$50,000 - $74,999","Pacific",2.75,3.4000001,3,3.2222223,2.875,0
71592,71592,24,83,0.278985507246377,0.845338983050848,0.190582574325485,0.329710144927536,2,0.566115702479339,2,15,0.625,"Male","White","$250,000 or more","Pacific",2.625,2.9000001,4.1111112,3.4444444,3,1
71836,71836,21,90,0.428571428571429,0.650299401197605,0.282921052631579,0.571428571428571,2,0.264259259259259,1,21,1,"Male","Latino/a","$100,000 - $149,999","South Atlantic",4.625,3.5,4.1111112,4,2.25,2
71894,71894,31,78,0.154838709677419,0.713414634146341,0.411494252873563,0.145161290322581,6,0.633391203703704,2,30,0.967741935483871,"Female","Asian-American","$25,000 - $49,999","Pacific",2.5,3.0999999,2.8888888,2.7777777,3.875,0
71985,71985,48,205,0.175531914893617,0.758711721224921,0.0808115148592026,0.228723404255319,4,0.590054586266707,3,24,0.5,"Male","Latino/a","$100,000 - $149,999","East South Central",3.625,2.5999999,4.7777777,4,2.25,0
72152,72152,14,62,0.681318681318681,0.821621621621622,0.111439842209073,0.318681318681319,2,0.0581425598335067,1,14,1,"Female","White","$250,000 or more","East North Central",4.375,3.3,3.6666667,3.1111112,3.625,3
72160,72160,11,23,0.418181818181818,0.728155339805825,0.415555555555556,0.481818181818182,2,0.23062381852552,2,10,0.909090909090909,"Male","White","$200,000 - $249,999","East North Central",3.75,3,3.3333333,3.7777777,2.375,2
72348,72348,6,24,0.933333333333333,0.923076923076923,0.01,0.0666666666666667,2,0,1,6,1,"Female","White","$100,000 - $149,999","East North Central",2,3,3.8888888,4.3333335,3,3
72570,72570,27,58,0.165242165242165,0.694533762057878,0.292284023668639,0.296296296296296,6,0.470422116527943,4,21,0.777777777777778,"Female","African-American","less than $25,000","South Atlantic",3.5,3.3,4.2222223,2.3333333,3.625,0
72806,72806,35,192,0.282352941176471,0.626524390243902,0.228880126692979,0.423529411764706,3,0.364512471655329,3,33,0.942857142857143,"Female","White","$250,000 or more","Middle Atlantic",4.375,3,3.6666667,4.1111112,2.125,1
72850,72850,13,80,0.666666666666667,0.800480769230769,0.0926767676767677,0.25,3,0.067862426035503,1,13,1,"Female","White","$150,000 - $199,999","Pacific",3.875,2.5,3.7777777,4.4444447,3.5,3
72873,72873,39,93,0.125506072874494,0.788187372708758,0.0455989725380307,0.321862348178138,3,0.138339692449994,21,19,0.487179487179487,"Male","White","$100,000 - $149,999","East North Central",3,2.5,3.6666667,4.3333335,2.75,1
72885,72885,65,291,0.136538461538462,0.771594953089615,0.0814767540144214,0.144711538461538,6,0.615081333068836,4,32,0.492307692307692,"Male","Asian-American","$50,000 - $74,999","East North Central",2.625,3.4000001,3.7777777,2.8888888,2.75,0
72912,72912,24,91,0.311594202898551,0.631168831168831,0.232686028527238,0.384057971014493,4,0.222282314764738,1,24,1,"Female","African-American","$75,000 - $99,999","East North Central",4.75,3,3.6666667,4.5555553,2,2
73143,73143,21,65,0.295238095238095,0.836206896551724,0.0875,0.104761904761905,4,0.49843912591051,2,12,0.571428571428571,"Male","Latino/a","$150,000 - $199,999","",3.625,2.4000001,4,3.8888888,2.75,1
73158,73158,32,196,0.316532258064516,0.512903225806452,0.262153951186209,0.651209677419355,3,0.247920808146375,1,32,1,"Male","White","$75,000 - $99,999","East North Central",3.625,3,3.5555556,4.1111112,1.875,1
73452,73452,16,56,0.383333333333333,0.525773195876289,0.455365079365079,0.616666666666667,2,0.272448015122873,1,16,1,"Male","Asian-American","$75,000 - $99,999","West South Central",4.25,3,4.2222223,3.2222223,1.75,2
73577,73577,28,77,0.177248677248677,0.60233918128655,0.100932081178995,0.341269841269841,3,0.239474270438851,10,19,0.678571428571429,"Female","White","$50,000 - $74,999","East North Central",2.625,3.3,4.3333335,4.2222223,3.375,1
73693,73693,13,78,1,1,0,0,1,0,1,13,1,"Male","White","$250,000 or more","West North Central",3.625,2.4000001,3.6666667,3.1111112,3.25,3
73897,73897,17,96,0.705882352941177,0.975133214920071,0.317708333333333,0.231617647058824,3,0.075466579861111,1,17,1,"Male","Foreign Student","$250,000 or more","",4,2.9000001,3.7777777,3.2222223,2.375,3
73918,73918,15,47,0.447619047619048,0.810810810810811,0.0338640950885849,0.266666666666667,2,0.222725215029425,2,11,0.733333333333333,"Female","White","$250,000 or more","East North Central",2.75,2.7,4.1111112,4.6666665,2.125,1
73962,73962,29,195,0.435960591133005,0.815483870967742,0.408919123204837,0.278325123152709,3,0.305611414344537,1,29,1,"Female","White","$250,000 or more","South Atlantic",3.375,3.2,4.1111112,3.5555556,3.25,2
74079,74079,9,16,0.444444444444444,1,0,0.0555555555555556,1,0.46875,2,5,0.555555555555556,"Male","White","$150,000 - $199,999","Pacific",4.5,4.0999999,3.1111112,3.5555556,3.25,1
74211,74211,16,83,0.691666666666667,0.890888638920135,0.244444444444444,0.241666666666667,3,0.0487734068805341,1,16,1,"Male","White","$100,000 - $149,999","East North Central",4.125,3.5,4.3333335,3.6666667,2.5,3
74251,74251,40,287,0.367948717948718,0.850954478707783,0.0151684672602351,0.119230769230769,2,0.497323022010708,2,20,0.5,"Female","Latino/a","$250,000 or more","Middle Atlantic",3.375,3.2,4.5555553,4.7777777,3,1
74285,74285,11,27,0.436363636363636,0.876404494382022,0.0137037037037037,0.163636363636364,2,0.375,2,7,0.636363636363636,"Female","White","$50,000 - $74,999","West South Central",2.875,3.2,3,3.6666667,3.125,1
74413,74413,36,86,0.136507936507936,0.818671454219031,0.0207683073229292,0.206349206349206,3,0.527109248242293,9,16,0.444444444444444,"Male","African-American","$50,000 - $74,999","East North Central",3.5,3.3,4.4444447,4.2222223,2.625,1
74492,74492,40,116,0.144871794871795,0.685962373371925,0.13954346747869,0.23974358974359,5,0.603257890202835,3,25,0.625,"Female","White","$200,000 - $249,999","New England",3.625,2.9000001,3.8888888,4.2222223,3.25,0
74632,74632,55,298,0.177777777777778,0.594924812030075,0.0647688954531214,0.303703703703704,5,0.432944501836547,2,41,0.745454545454545,"Female","White","$100,000 - $149,999","East South Central",2.625,3.5,4.1111112,4,3.5,0
74845,74845,26,123,0.344615384615385,0.828947368421053,0.466366666666667,0.215384615384615,3,0.459183673469388,2,25,0.961538461538462,"Male","Latino/a","$100,000 - $149,999","Pacific",4,4.3000002,4.1111112,4.7777777,1.75,2
74899,74899,63,584,0.262160778289811,0.678433699199051,0.19237426071487,0.38300051203277,4,0.36528205871582,1,63,1,"Male","White","$150,000 - $199,999","South Atlantic",3.5,3.5999999,3.3333333,4.3333335,3.25,0
75149,75149,50,84,0.0669387755102041,0.748129675810474,0.019592530889907,0.116734693877551,2,0.676680547293278,19,11,0.22,"Female","African-American","less than $25,000","Middle Atlantic",4.875,3.3,4.2222223,3.4444444,2.375,0
75341,75341,28,110,0.291005291005291,0.710444674250259,0.335127149941965,0.412698412698413,4,0.432190082644628,1,28,1,"Female","Foreign Student","$100,000 - $149,999","",3.625,3.9000001,3.5555556,2.6666667,2.375,2
75438,75438,41,332,0.334146341463415,0.643103845268248,0.160582370258454,0.415853658536585,5,0.292683414140338,1,41,1,"Female","White","","Middle Atlantic",2.75,2.5,3.3333333,3.6666667,3.125,0
76485,76485,36,213,0.314285714285714,0.688599846977812,0.126202535830105,0.314285714285714,3,0.317709927558412,2,32,0.888888888888889,"Male","White","$250,000 or more","South Atlantic",4,3.7,3.1111112,2.8888888,3.625,1
76521,76521,11,31,0.563636363636364,0.849056603773585,0.533333333333333,0.436363636363636,2,0.293444328824142,1,11,1,"Male","White","$100,000 - $149,999","Middle Atlantic",3.125,1.9,3.6666667,4.2222223,3,2
76663,76663,24,88,0.282608695652174,0.611428571428571,0.254432970363543,0.326086956521739,4,0.396367521367521,1,24,1,"Female","White","$150,000 - $199,999","East North Central",3.125,3.5999999,3.8888888,3.7777777,2,2
76785,76785,20,119,0.626315789473684,0.778947368421053,0.103942072086116,0.373684210526316,2,0.182155215027187,1,20,1,"Female","White","$100,000 - $149,999","Mountain",3.125,2.8,4.1111112,3.3333333,3,3
76790,76790,44,336,0.346723044397463,0.823292363489825,0.026566258977601,0.18816067653277,3,0.496858268887567,2,25,0.568181818181818,"Female","White","$250,000 or more","Middle Atlantic",4.875,3.2,3,3.6666667,3.625,1
76791,76791,9,21,0.5,0.591549295774648,0.448660714285714,0.5,2,0.111111111111111,1,9,1,"Female","White","$250,000 or more","",2.875,3.3,3.8888888,3.4444444,4,2
76810,76810,16,28,0.233333333333333,0.771428571428571,0.0533333333333333,0.166666666666667,3,0.436224489795918,4,8,0.5,"Female","Asian-American","less than $25,000","South Atlantic",4.125,3.2,3.8888888,3.4444444,2.75,1
77036,77036,53,352,0.212626995645864,0.490955522451585,0.32441911951728,0.575834542815675,4,0.338792531071998,1,53,1,"Female","White","$100,000 - $149,999","Pacific",2.25,2.3,3.4444444,4,3.375,0
77134,77134,17,33,0.242647058823529,0.769911504424779,0.0463541666666667,0.194852941176471,2,0.56198347107438,3,8,0.470588235294118,"Female","White","$250,000 or more","South Atlantic",3.75,3.3,3.6666667,3.5555556,3.125,1
77187,77187,19,66,0.385964912280702,0.848684210526316,0.0885076252723312,0.280701754385965,2,0.376606978879706,2,13,0.684210526315789,"Female","African-American","less than $25,000","East South Central",2.5,3.5,4.8888888,3.6666667,2.375,1
77532,77532,29,152,0.344827586206897,0.572018890200708,0.192576291810986,0.476600985221675,4,0.230994897959184,1,29,1,"Female","African-American","$100,000 - $149,999","",4.625,3.5999999,3.8888888,4,3,1
77711,77711,74,600,0.203628285820067,0.707830985915493,0.206124273497948,0.152536097741577,6,0.578259504132231,1,74,1,"Male","White","$250,000 or more","East North Central",2.875,2.4000001,3.4444444,4,2.25,0
77789,77789,76,452,0.142105263157895,0.46348559790515,0.23012568741056,0.457894736842105,4,0.355119646395367,2,75,0.986842105263158,"Female","White","$50,000 - $74,999","East North Central",2.875,3.8,3.7777777,3.5555556,3.5,0
77838,77838,28,178,0.412698412698413,0.69464105156724,0.207815971403314,0.365079365079365,3,0.243897928994083,1,28,1,"Female","White","$250,000 or more","East North Central",3.625,2.0999999,4.4444447,4.2222223,2.875,1
77872,77872,32,120,0.231854838709677,0.485981308411215,0.615160134119551,0.768145161290323,2,0.290170132325142,1,32,1,"Male","White","$250,000 or more","East North Central",3.5,3.0999999,3.7777777,4.2222223,2.75,2
77941,77941,5,1,0.1,0,0,0.15,1,0,4,2,0.4,"Male","Asian-American","less than $25,000","Middle Atlantic",4.75,4,4.5555553,3.4444444,2.625,1
78407,78407,17,36,0.25,0.669421487603306,0.519791666666667,0.1875,6,0.520328719723183,1,17,1,"Female","Foreign Student","$100,000 - $149,999","",2.625,2.5999999,2.8888888,2.6666667,3.75,2
78428,78428,20,72,0.378947368421053,0.661508704061896,0.236988892575227,0.305263157894737,4,0.312403549382716,1,20,1,"Female","Foreign Student","$150,000 - $199,999","",3,2.3,2.7777777,2.8888888,4.125,2
78657,78657,37,277,0.363363363363363,0.666177764740393,0.230254843260796,0.442192192192192,3,0.365412198620313,1,37,1,"Male","White","$250,000 or more","South Atlantic",2.625,3.5999999,3.5555556,3.2222223,3.125,1
78667,78667,10,15,0.333333333333333,0.710526315789474,0.229423868312757,0.333333333333333,2,0.364444444444444,2,7,0.7,"Male","White","$250,000 or more","Middle Atlantic",3.875,4,4,3.2222223,2.875,1
78783,78783,27,108,0.296296296296296,0.733890214797136,0.506223584108199,0.357549857549858,4,0.453356139053254,1,27,1,"Male","Asian-American","$100,000 - $149,999","Middle Atlantic",4.125,3.3,4,4.4444447,2.25,2
79167,79167,49,262,0.217687074829932,0.746336698143927,0.0993726605594957,0.303146258503401,3,0.525505065917969,2,28,0.571428571428571,"Female","White","$250,000 or more","West North Central",4.75,3.4000001,4.1111112,4.4444447,1.25,0
79341,79341,34,236,0.392156862745098,0.80301167793485,0.180575693437264,0.36541889483066,3,0.300278925619835,2,33,0.970588235294118,"Male","White","less than $25,000","East North Central",2.25,2.9000001,3.4444444,3,2.375,1
79352,79352,40,267,0.296153846153846,0.629432624113475,0.183281796502081,0.421794871794872,4,0.313665411068008,1,40,1,"Female","White","$100,000 - $149,999","East North Central",2,3.3,4.2222223,3,4.125,0
79395,79395,28,172,0.402116402116402,0.755725190839695,0.431917038912924,0.338624338624339,4,0.259630367036011,1,28,1,"Male","White","$75,000 - $99,999","Middle Atlantic",3.125,3.3,4.3333335,4.2222223,2.5,2
79607,79607,33,179,0.3125,0.848232848232848,0.0368384576612903,0.25,2,0.371937557392103,2,20,0.606060606060606,"Male","White","","Pacific",3.125,3.9000001,4.4444447,3.7777777,2.625,1
79731,79731,15,82,0.59047619047619,0.758964143426295,0.146781789638933,0.266666666666667,3,0.200702393340271,1,15,1,"Female","White","$150,000 - $199,999","West South Central",3.25,3.7,3.7777777,2.8888888,3.875,3
79834,79834,64,420,0.193452380952381,0.654464137816796,0.117422348287726,0.330357142857143,5,0.490095332018409,3,52,0.8125,"Male","White","$200,000 - $249,999","East North Central",2.75,3.2,4.5555553,4.5555553,3.25,0
79897,79897,29,84,0.201970443349754,0.862579281183932,0.164304610733182,0.190886699507389,4,0.594660916121356,3,18,0.620689655172414,"Female","African-American","$25,000 - $49,999","East North Central",3,3.3,4.1111112,4,2.25,0
80177,80177,31,106,0.225806451612903,0.669034090909091,0.379238825031928,0.30752688172043,5,0.535918367346939,1,31,1,"Male","Latino/a","$250,000 or more","South Atlantic",3.625,4.1999998,4,3.4444444,2.375,0
80429,80429,25,154,0.416666666666667,0.614583333333333,0.154409466003669,0.458333333333333,4,0.200416,1,25,1,"Male","White","","East North Central",3.75,2.9000001,3.2222223,3.3333333,3.625,1
80484,80484,35,314,0.497478991596639,0.72130844575864,0.0846614393586296,0.384873949579832,3,0.215183299853908,1,35,1,"Male","White","$250,000 or more","West North Central",4.25,3.2,3.8888888,3,3,1
80607,80607,24,58,0.206521739130435,0.764940239043825,0.239388211032824,0.184782608695652,4,0.613881194213604,2,17,0.708333333333333,"Male","Latino/a","","Pacific",3,4.0999999,3.3333333,4.6666665,3.5,0
80675,80675,25,127,0.403333333333333,0.63335837716003,0.233189874025783,0.513333333333333,3,0.229663274366505,1,25,1,"Male","White","$25,000 - $49,999","East North Central",2.125,3.4000001,4.1111112,4.5555553,3.875,1
80980,80980,63,383,0.19047619047619,0.761753494282084,0.0882789444055884,0.164362519201229,5,0.624985547462134,2,45,0.714285714285714,"Male","White","$200,000 - $249,999","West North Central",3.625,3.3,3.8888888,4.1111112,2.375,0
81199,81199,20,71,0.373684210526316,0.763636363636364,0.523545706371191,0.205263157894737,4,0.426899424717318,1,20,1,"Female","White","$250,000 or more","Middle Atlantic",3.375,4.3000002,2.4444444,4.1111112,3.5,2
81420,81420,22,151,0.61038961038961,0.833508403361345,0.203598298904421,0.38961038961039,2,0.147552939992958,1,22,1,"Male","White","$200,000 - $249,999","Middle Atlantic",3.875,3.0999999,3.7777777,4,2.5,3
81647,81647,18,112,0.73202614379085,0.899159663865546,0.0227076124567474,0.209150326797386,2,0.0663265306122449,2,17,0.944444444444444,"Female","White","$150,000 - $199,999","Middle Atlantic",4,3.7,4,3.6666667,2.75,3
81807,81807,36,159,0.23015873015873,0.57618437900128,0.282115958471301,0.398412698412698,5,0.341474435196195,2,35,0.972222222222222,"Male","White","$200,000 - $249,999","East North Central",4.25,4,4.4444447,4.2222223,1.625,0
81930,81930,20,190,1,1,0,0,1,0,1,20,1,"Male","White","$75,000 - $99,999","East North Central",2.625,3,3.1111112,2.8888888,2.25,3
82248,82248,47,239,0.197964847363552,0.616288492706645,0.212074603615246,0.302035152636448,5,0.452539523102454,3,45,0.957446808510638,"Female","Latino/a","$100,000 - $149,999","West North Central",3.25,3.2,4.2222223,3.6666667,3,0
82269,82269,14,31,0.307692307692308,0.516393442622951,0.619000657462196,0.538461538461538,3,0.334183673469388,1,14,1,"Female","White","$250,000 or more","South Atlantic",3.5,2.5,3.4444444,3.8888888,2,2
82376,82376,19,56,0.327485380116959,0.793650793650794,0.363289760348584,0.339181286549708,4,0.261320153061224,2,18,0.947368421052632,"Male","White","$100,000 - $149,999","East North Central",3.625,3.7,3.6666667,4,2.375,2
82490,82490,22,165,0.606060606060606,0.790322580645161,0.0695425260051111,0.346320346320346,3,0.150790816326531,1,22,1,"Male","White","$200,000 - $249,999","South Atlantic",3,2.9000001,4,4.2222223,2.75,3
82587,82587,15,33,0.285714285714286,0.688524590163934,0.0918367346938776,0.285714285714286,3,0.373333333333333,3,10,0.666666666666667,"Female","African-American","$100,000 - $149,999","West North Central",2.75,2.9000001,3.6666667,3.8888888,3.25,1
82728,82728,26,91,0.230769230769231,0.601045296167247,0.241617491441021,0.369230769230769,4,0.323466666666667,3,24,0.923076923076923,"Female","White","$100,000 - $149,999","East North Central",1.875,3.0999999,4.5555553,5,2.875,2
82819,82819,20,93,0.463157894736842,0.922752808988764,0.501761225676276,0.168421052631579,3,0.446022727272727,1,20,1,"Male","African-American","$100,000 - $149,999","West North Central",3.375,2.5999999,3.3333333,3.6666667,1.25,2
82918,82918,27,141,0.396011396011396,0.816455696202532,0.320562130177515,0.334757834757835,5,0.167563790694063,2,26,0.962962962962963,"Female","Asian-American","$250,000 or more","New England",4.25,4.3000002,4.1111112,4.1111112,2.875,2
82964,82964,14,28,0.307692307692308,0.895161290322581,0.0433925049309665,0.230769230769231,2,0.293367346938776,3,8,0.571428571428571,"Female","White","$50,000 - $74,999","South Atlantic",3.125,4.0999999,3.6666667,3.3333333,4.25,1
82986,82986,54,388,0.250174703004892,0.563128491620112,0.175417529021668,0.504542278127184,3,0.377208108361162,3,52,0.962962962962963,"Female","White","$200,000 - $249,999","East North Central",4.375,3.0999999,4.1111112,4.1111112,1.875,0
83005,83005,34,224,0.32620320855615,0.66021602160216,0.138890073170376,0.310160427807487,3,0.348427841977963,1,34,1,"Female","White","$250,000 or more","West South Central",3.375,3.3,3.6666667,3.1111112,3.75,1
83078,83078,7,12,0.571428571428571,0.648648648648649,0.444444444444444,0.428571428571429,2,0.0798611111111111,1,7,1,"Male","White","less than $25,000","South Atlantic",3.25,3.2,4.3333335,2.6666667,3.625,2
83470,83470,20,69,0.363157894736842,0.767741935483871,0.518430579372408,0.215789473684211,4,0.415143877336694,1,20,1,"Female","Latino/a","$100,000 - $149,999","Pacific",4.25,3.5999999,4.3333335,3,2.625,2
83536,83536,41,242,0.263414634146341,0.52258726899384,0.254828107054563,0.536585365853659,3,0.33349408436214,1,41,1,"Female","Latino/a","$250,000 or more","Middle Atlantic",3.5,3.5,4.1111112,4.2222223,2.375,1
83542,83542,34,285,0.401069518716578,0.75914362176628,0.36610422405877,0.35650623885918,3,0.268641975308642,1,34,1,"Female","White","$100,000 - $149,999","Mountain",3.25,2.9000001,4,3.7777777,3.5,2
83566,83566,26,145,0.353846153846154,0.65,0.250266666666667,0.366153846153846,4,0.310510396975425,1,26,1,"Female","White","$250,000 or more","",1.875,2.4000001,4,4.2222223,4.125,2
83612,83612,33,189,0.304924242424242,0.582618025751073,0.157855581957521,0.413825757575758,4,0.333667682573975,1,33,1,"Female","White","$200,000 - $249,999","West South Central",2.375,2.7,3.7777777,3.4444444,3.625,1
83748,83748,31,44,0.0924731182795699,0.333333333333333,0.266899106002554,0.240860215053763,7,0.488101676581936,5,25,0.806451612903226,"Female","Foreign Student","$150,000 - $199,999","",3,2.8,4.3333335,3.4444444,2.25,0
84011,84011,55,398,0.208754208754209,0.663620788121074,0.114084238385403,0.365319865319865,4,0.31557232049948,5,48,0.872727272727273,"Female","White","$250,000 or more","West North Central",2.25,2.7,3.6666667,4,3.5,0
84390,84390,74,476,0.162532395409108,0.495431893687708,0.14619535756645,0.426508700481303,5,0.434005635089067,2,73,0.986486486486487,"Female","Latino/a","less than $25,000","East South Central",4.375,3.2,4.2222223,3.2222223,2.75,0
84502,84502,28,89,0.235449735449735,0.993160054719562,0.0099187506594914,0.171957671957672,1,0.416866557252872,6,12,0.428571428571429,"Female","White","$250,000 or more","Middle Atlantic",3.625,3.5,4.4444447,4,3.125,1
84715,84715,8,40,1,1,0,0,1,0,1,8,1,"Female","White","$150,000 - $199,999","East North Central",2.25,3,2.3333333,3.2222223,3.375,3
84768,84768,31,132,0.279569892473118,0.596344249809596,0.172115793954875,0.420430107526882,5,0.348224852071006,2,30,0.967741935483871,"Female","White","$250,000 or more","South Atlantic",2.5,3.7,3.3333333,4,3.625,0
84960,84960,31,309,0.638709677419355,0.823017731682837,0.0685893389284194,0.361290322580645,2,0.150885964017277,1,31,1,"Male","White","$100,000 - $149,999","East North Central",4.125,3.0999999,3.4444444,3.3333333,2.5,3
85134,85134,15,59,0.561904761904762,0.808917197452229,0.12107535321821,0.366666666666667,2,0.211864406779661,2,14,0.933333333333333,"Female","White","$250,000 or more","South Atlantic",3.625,3.5999999,4.7777777,4.8888888,1.75,3
85453,85453,53,511,0.340348330914369,0.764662133446664,0.184431122390681,0.371190130624093,4,0.399550374839176,2,52,0.981132075471698,"Male","White","$50,000 - $74,999","East North Central",4.125,3.2,3.6666667,4.1111112,2.25,0
85503,85503,19,73,0.333333333333333,0.658536585365854,0.224219317356572,0.333333333333333,4,0.282702369959988,1,19,1,"Male","White","$250,000 or more","Middle Atlantic",2.75,3.5,3.5555556,4.1111112,3.875,2
85679,85679,18,153,1,1,0,0,1,0,1,18,1,"Male","White","$50,000 - $74,999","Pacific",2.75,3.3,2.6666667,3.2222223,3.5,3
85708,85708,16,74,0.616666666666667,0.817427385892116,0.044849228580321,0.25,3,0.085463842220599,2,15,0.9375,"Male","White","$100,000 - $149,999","",3.375,4.0999999,3.1111112,2.7777777,2.125,3
86083,86083,24,123,0.431159420289855,0.793291731669267,0.188042752916443,0.351449275362319,3,0.268942871266154,1,24,1,"Male","","$100,000 - $149,999","",3.625,2.8,3.6666667,3.3333333,2.75,1
86265,86265,6,4,0.266666666666667,0.6,0.2,0.333333333333333,2,0,3,4,0.666666666666667,"Male","Foreign Student","$25,000 - $49,999","",2.375,3.5999999,3.5555556,2.6666667,3.5,1
86440,86440,39,234,0.299595141700405,0.642926829268293,0.205200528704776,0.437246963562753,4,0.348267186105024,1,39,1,"Male","Latino/a","$250,000 or more","East North Central",2.125,2.8,2.5555556,4.2222223,2.125,0
86691,86691,19,59,0.345029239766082,0.871670702179177,0.193674136321195,0.266081871345029,3,0.289715598965814,2,14,0.736842105263158,"Male","Asian-American","less than $25,000","Pacific",4.5,3.5999999,3.2222223,2.7777777,3.25,1
86974,86974,30,161,0.370114942528736,0.833333333333333,0.0655440264961243,0.285057471264368,2,0.37099263145712,2,20,0.666666666666667,"Male","White","less than $25,000","East North Central",4.125,2.7,3.8888888,4.5555553,1.625,1
87032,87032,21,40,0.185714285714286,0.461538461538462,0.300855263157895,0.264285714285714,4,0.467126890203813,2,18,0.857142857142857,"Female","African-American","$50,000 - $74,999","East South Central",2.625,3.7,4.2222223,4,3.25,2
87056,87056,13,26,0.333333333333333,0.57,0.360900673400673,0.333333333333333,4,0.36094674556213,1,13,1,"Female","White","$100,000 - $149,999","East North Central",3.25,3.8,2.8888888,2.3333333,4,2
87192,87192,25,99,0.316666666666667,0.598639455782313,0.303272192028986,0.516666666666667,3,0.35590027700831,1,25,1,"Female","Latino/a","$75,000 - $99,999","Pacific",3.625,2.5,4.6666665,3.5555556,2.875,2
87328,87328,28,41,0.105820105820106,0.484848484848485,0.290914846470402,0.0793650793650794,10,0.6384375,3,23,0.821428571428571,"Male","White","$50,000 - $74,999","",3.75,2.9000001,3.4444444,4.8888888,1.75,0
87330,87330,24,110,0.398550724637681,0.907678244972578,0.252448874377041,0.210144927536232,3,0.342933884297521,2,19,0.791666666666667,"Female","Latino/a","$250,000 or more","New England",3,2.3,3.1111112,2.8888888,4.125,1
87664,87664,10,45,1,1,0,0,1,0,1,10,1,"Male","White","$250,000 or more","East North Central",3.625,3.3,3.3333333,4.2222223,3.125,3
87783,87783,4,6,1,1,0,0,1,0,1,4,1,"Female","White","less than $25,000","Middle Atlantic",2.25,3.3,3.1111112,4.1111112,2.375,3
88008,88008,54,218,0.148148148148148,0.697860962566845,0.212503765369554,0.342417889587701,4,0.630796101815593,4,32,0.592592592592593,"Male","White","$25,000 - $49,999","East North Central",3.625,3,4.2222223,3.2222223,2.25,0
88185,88185,56,445,0.272727272727273,0.58559459797424,0.159958147232155,0.472727272727273,3,0.352089002267574,3,54,0.964285714285714,"Female","White","$75,000 - $99,999","East North Central",3.625,3.2,3.5555556,NA,2.625,0
88337,88337,43,140,0.155038759689922,0.955523672883788,0.00203001835654897,0.249723145071982,2,0.00793367346938774,26,18,0.418604651162791,"Male","White","$250,000 or more","East North Central",3.875,2.5,3.6666667,3.5555556,2.125,1
88384,88384,33,91,0.172348484848485,0.785588752196837,0.148429624495968,0.171401515151515,5,0.601799299601497,6,18,0.545454545454545,"Female","Latino/a","$50,000 - $74,999","East North Central",4.125,2.5999999,3.6666667,3.2222223,3.125,0
88582,88582,20,69,0.3,0.6,0.461167538729866,0.489473684210526,3,0.201754385964912,1,20,1,"Female","Latino/a","$25,000 - $49,999","East North Central",2.125,3.8,3.8888888,3.2222223,3,2
88882,88882,63,781,0.335381464413722,0.616896822046674,0.0903564096271027,0.390424987199181,3,0.313874482838995,1,63,1,"Male","White","$250,000 or more","West North Central",4.25,3,3.6666667,4.3333335,1.75,0
88963,88963,39,194,0.261808367071525,0.917834702754954,0.0154921443010086,0.159244264507422,3,0.555266234456372,5,18,0.461538461538462,"Male","White","$200,000 - $249,999","Pacific",3.625,2.7,3.7777777,3.5555556,2.5,1
88967,88967,19,71,0.409356725146199,0.72020725388601,0.301771449320469,0.423976608187135,3,0.216020408163265,1,19,1,"Male","Asian-American","$250,000 or more","East North Central",4.25,4.0999999,3.1111112,3.3333333,2.875,2
89142,89142,32,155,0.30241935483871,0.861499364675985,0.121507688750145,0.213709677419355,4,0.424266666666667,2,24,0.75,"Male","Asian-American","$75,000 - $99,999","Middle Atlantic",3.5,2.8,3.8888888,3.3333333,2.625,1
89161,89161,43,170,0.181616832779623,0.809778968519759,0.129681249193444,0.270764119601329,3,0.572371356335515,3,23,0.534883720930233,"Female","Foreign Student","$100,000 - $149,999","",4.375,3.0999999,3.5555556,4.1111112,2.125,0
89165,89165,12,44,0.666666666666667,0.825242718446602,0.115702479338843,0.151515151515152,3,0.12396694214876,1,12,1,"Female","Latino/a","$250,000 or more","New England",3.75,2.9000001,3.4444444,2.8888888,3.625,3
89411,89411,20,117,0.61578947368421,0.939113170086036,0.0875514144212205,0.173684210526316,3,0.0542041054861568,2,17,0.85,"Female","Latino/a","$250,000 or more","Pacific",4.5,4.3000002,5,4,2.5,3
89607,89607,29,169,0.396551724137931,0.834539813857291,0.0385784199843157,0.282019704433498,2,0.314339724547664,3,20,0.689655172413793,"Male","White","$50,000 - $74,999","East North Central",3.125,3.2,3,3.1111112,2.625,1
89652,89652,34,100,0.165775401069519,0.528384279475983,0.287801809582113,0.349376114081996,5,0.410972366747601,4,31,0.911764705882353,"Female","Latino/a","$250,000 or more","Middle Atlantic",2.875,3.3,4.1111112,3.8888888,2.75,0
89710,89710,60,287,0.154237288135593,0.580179602309173,0.512146498990641,0.388135593220339,5,0.550973446577842,3,58,0.966666666666667,"Female","White","$150,000 - $199,999","East South Central",2.875,3.9000001,3.1111112,4.1111112,2.875,0
89972,89972,37,227,0.304804804804805,0.684291779235816,0.142715765842659,0.361861861861862,4,0.389490159916523,2,36,0.972972972972973,"Female","White","$200,000 - $249,999","South Atlantic",3.125,3.5999999,3.8888888,3.7777777,2.5,0
90079,90079,16,67,0.508333333333333,0.732,0.329269841269841,0.491666666666667,2,0.188927707605482,1,16,1,"Female","White","$75,000 - $99,999","East North Central",3.75,3.8,3.5555556,3.4444444,3,2
90136,90136,5,8,0.8,0.789473684210526,0.125,0.2,2,0,1,5,1,"Male","White","$100,000 - $149,999","East South Central",3.625,2.5,3.4444444,3.5555556,2.375,3
90192,90192,7,21,1,1,0,0,1,0,1,7,1,"Male","Asian-American","$75,000 - $99,999","Middle Atlantic",4.625,3.8,2.6666667,3.2222223,3.125,3
90476,90476,4,6,1,1,0,0,1,0,1,4,1,"Male","White","$150,000 - $199,999","Middle Atlantic",2.75,3.4000001,3.3333333,2.5555556,3.5,3
90502,90502,8,25,0.892857142857143,0.895522388059701,0.0149659863945578,0.107142857142857,2,0,1,8,1,"Male","Latino/a","$250,000 or more","West South Central",4.75,2.9000001,3.6666667,2.3333333,1.375,3
90646,90646,42,272,0.285714285714286,0.532582461786002,0.119468258875174,0.397212543554007,4,0.243795029413709,1,42,1,"Female","White","$250,000 or more","West North Central",4.875,3.9000001,4.6666665,4.1111112,4.125,1
90692,90692,29,211,0.475369458128079,0.677704918032787,0.179430552283443,0.45320197044335,3,0.102110123761712,1,29,1,"Female","White","$50,000 - $74,999","East North Central",4.5,4.0999999,4.8888888,3.8888888,1.75,1
90750,90750,29,169,0.394088669950739,0.687717553455992,0.258341881726236,0.498768472906404,4,0.31697265625,1,29,1,"Female","White","$100,000 - $149,999","South Atlantic",3.75,4.0999999,3.6666667,3.6666667,3.125,2
90905,90905,26,56,0.153846153846154,0.725373134328358,0.0230711111111111,0.286153846153846,3,0.2072,11,13,0.5,"Male","Asian-American","$250,000 or more","South Atlantic",2.125,4,4.4444447,2.3333333,3.5,1
91176,91176,83,582,0.156626506024096,0.615625,0.149645388624034,0.343373493975904,5,0.45375040920275,4,64,0.771084337349398,"Male","White","$50,000 - $74,999","East North Central",2.5,3.2,4.1111112,3.4444444,2.25,0
91313,91313,48,166,0.142730496453901,0.570840197693575,0.376857519633121,0.155141843971631,8,0.549882334786467,1,48,1,"Male","White","$200,000 - $249,999","South Atlantic",3.375,3.5999999,3.7777777,3.4444444,2.875,0
91320,91320,5,6,0.6,0.6,0.666666666666667,0.4,2,0.111111111111111,1,5,1,"Male","Latino/a","$25,000 - $49,999","East North Central",3,3.2,3.4444444,3,2,2
91337,91337,10,35,0.755555555555556,0.809302325581395,0.0617283950617284,0.244444444444444,2,0.027681660899654,1,10,1,"Male","White","$250,000 or more","East North Central",2.75,2.7,4.5555553,3.3333333,2.125,3
91429,91429,42,228,0.253193960511034,0.630637346254193,0.225456973870864,0.356562137049942,3,0.425816429593469,2,41,0.976190476190476,"Female","Asian-American","$25,000 - $49,999","Pacific",2.875,3.2,3.3333333,3.5555556,3.875,0
91484,91484,14,47,0.428571428571429,0.78125,0.463510848126233,0.186813186813187,4,0.408941485864563,1,14,1,"Female","Asian-American","$100,000 - $149,999","Pacific",3.25,2.7,3.6666667,3.5555556,2.75,2
91551,91551,47,253,0.225716928769658,0.743055555555556,0.232855738744208,0.404717853839038,3,0.405309392636388,7,41,0.872340425531915,"Male","White","$50,000 - $74,999","West North Central",4.5,3.8,3,3.6666667,2,0
91726,91726,17,63,0.441176470588235,1,0,0.121323529411765,1,0.375,3,10,0.588235294117647,"Male","White","$100,000 - $149,999","East North Central",2.75,3.5,3.8888888,4.2222223,3,1
91932,91932,30,149,0.331034482758621,0.830166270783848,0.0371581450653983,0.324137931034483,2,0.318262924382716,4,20,0.666666666666667,"Male","White","$150,000 - $199,999","East North Central",3.375,3.2,3.8888888,4.3333335,2.125,1
92028,92028,17,70,0.507352941176471,0.8112,0.265466889880952,0.430147058823529,2,0.143562276832598,2,16,0.941176470588235,"Female","Latino/a","$100,000 - $149,999","South Atlantic",3.375,3.5,2.3333333,3,4.5,2
92038,92038,39,239,0.299595141700405,0.643219479201894,0.179008829943733,0.463562753036437,3,0.332755052349647,1,39,1,"Male","White","$150,000 - $199,999","East North Central",3.625,3.5,3.7777777,4.5555553,1.875,1
92339,92339,26,105,0.32,0.686138613861386,0.353596151996152,0.52,4,0.306028106508876,3,24,0.923076923076923,"Female","White","$75,000 - $99,999","East North Central",3.25,3.2,4,2.8888888,3.75,2
92340,92340,28,203,0.5,0.691017517704063,0.0794001225229462,0.314814814814815,3,0.229052938047647,1,28,1,"Female","White","$250,000 or more","East South Central",3.375,3,3.6666667,3.6666667,3.375,1
92412,92412,35,284,0.442016806722689,0.700947225981056,0.120970328532656,0.381512605042017,3,0.238495568824184,1,35,1,"Male","White","$250,000 or more","East North Central",2.625,3.0999999,3.8888888,4.6666665,1.875,1
92515,92515,36,204,0.285714285714286,0.549038010323792,0.176897778206845,0.342857142857143,3,0.343641975308642,1,36,1,"Male","White","$250,000 or more","East North Central",2.875,3.3,4.1111112,3.7777777,2.25,1
92552,92552,25,163,0.456666666666667,0.66854248733821,0.169188161375661,0.501666666666667,3,0.184426447866162,1,25,1,"Male","White","$100,000 - $149,999","West North Central",4.25,3.5,4.5555553,4.2222223,3,1
92566,92566,44,245,0.228329809725159,0.602090592334495,0.253323492728622,0.399577167019027,4,0.351969735939643,2,43,0.977272727272727,"Male","White","$25,000 - $49,999","East North Central",4.75,4.5,4.2222223,4.5555553,1.875,0
92618,92618,25,148,0.483333333333333,0.812053115423902,0.120549922350194,0.35,3,0.155148632580262,3,23,0.92,"Female","White","$200,000 - $249,999","Middle Atlantic",4.25,3.7,3.6666667,2.7777777,3.875,1
92716,92716,41,228,0.267073170731707,0.912319644839068,0.118362470862471,0.207926829268293,4,0.469214570171598,2,21,0.51219512195122,"Male","White","$100,000 - $149,999","New England",3.75,3.0999999,3.4444444,4.3333335,3,0
92895,92895,6,12,0.8,0.846153846153846,0.12,0.2,2,0,1,6,1,"Female","White","$250,000 or more","South Atlantic",3.75,2.9000001,3.5555556,3.5555556,2.875,3
92953,92953,20,120,0.631578947368421,0.78421433743664,0.0633308417241935,0.263157894736842,2,0.245798611111111,1,20,1,"Male","White","$250,000 or more","East North Central",5,3.0999999,4.3333335,3.4444444,1.5,3
93002,93002,49,289,0.211734693877551,0.45668016194332,0.225970101240741,0.434098639455782,3,0.298220996435541,1,49,1,"Female","Asian-American","","",3.625,3,4.1111112,3.5555556,3,0
93246,93246,10,42,0.933333333333333,0.936305732484076,0.00470311581422692,0.0666666666666667,2,0,1,10,1,"Male","White","$100,000 - $149,999","East North Central",4.5,2.8,3.2222223,3.4444444,1.75,3
93462,93462,20,54,0.284210526315789,0.536050156739812,0.470298553401046,0.4,4,0.37019890260631,1,20,1,"Female","White","$150,000 - $199,999","",3.75,4.4000001,4.2222223,3,4,2
93471,93471,21,67,0.319047619047619,0.813211845102506,0.168684210526316,0.280952380952381,3,0.394631321006906,2,15,0.714285714285714,"Female","White","$150,000 - $199,999","South Atlantic",3.625,2.8,4.2222223,3.6666667,2.75,1
93485,93485,34,203,0.322638146167558,0.644752018454441,0.380823059516241,0.586452762923351,3,0.211425170171851,1,34,1,"Male","White","$250,000 or more","East North Central",4.125,3.5999999,4.5555553,4.4444447,1.5,2
93504,93504,40,107,0.130769230769231,0.66023166023166,0.0646965869637934,0.176923076923077,3,0.721501345636294,3,15,0.375,"Female","Asian-American","$100,000 - $149,999","East North Central",3.625,3.5999999,3.8888888,2.8888888,3.875,0
93699,93699,56,296,0.157142857142857,0.670307845084409,0.22165051708486,0.315584415584416,4,0.413462195205246,5,51,0.910714285714286,"Female","Asian-American","","East North Central",3.375,3.2,3.5555556,2.4444444,3.25,0
93766,93766,11,37,0.563636363636364,1,0,0.136363636363636,1,0.174817898022893,2,8,0.727272727272727,"Male","White","$100,000 - $149,999","Middle Atlantic",2.625,2.9000001,3.3333333,3.3333333,3.125,3
93787,93787,30,138,0.250574712643678,0.556270096463023,0.194100613139083,0.370114942528736,4,0.349255113205959,2,29,0.966666666666667,"Female","Asian-American","less than $25,000","Pacific",2.75,3.0999999,4.1111112,3.7777777,3.375,1
93856,93856,18,66,0.359477124183007,0.663072776280323,0.154658922392486,0.287581699346405,3,0.3,2,17,0.944444444444444,"Female","White","$100,000 - $149,999","Mountain",2.25,3,2.7777777,3.5555556,4.375,1
93858,93858,7,23,0.952380952380952,0.947368421052632,0.00444444444444445,0.0476190476190476,2,0,1,7,1,"Female","Latino/a","$250,000 or more","Pacific",3.125,2.5999999,3.4444444,4.4444447,2.125,3
94215,94215,16,67,0.533333333333333,0.692748091603053,0.119125220458554,0.333333333333333,3,0.185546875,1,16,1,"Male","White","$200,000 - $249,999","",3.125,3.2,3.3333333,3.2222223,2.75,1
94455,94455,31,233,0.483870967741935,0.952269399707174,0.0198467432950192,0.149462365591398,2,0.325293827160494,2,20,0.645161290322581,"Male","Foreign Student","$25,000 - $49,999","South Atlantic",3.25,2.8,3.2222223,3.7777777,2.625,1
94456,94456,8,18,0.607142857142857,0.887323943661972,0.0816326530612245,0.25,2,0.013840830449827,2,7,0.875,"Male","White","$200,000 - $249,999","",4.5,2.5,2.7777777,2.1111112,2.375,3
94579,94579,24,76,0.264492753623188,0.495098039215686,0.220140917683451,0.431159420289855,3,0.250609870519797,3,22,0.916666666666667,"Female","White","$25,000 - $49,999","West South Central",2.625,2.8,2.8888888,NA,2.5,1
94641,94641,35,60,0.0991596638655462,0.545454545454545,0.311628394673377,0.22436974789916,6,0.600833093938523,6,26,0.742857142857143,"Male","Asian-American","$150,000 - $199,999","Mountain",2.125,4.1999998,3.7777777,2.6666667,4,0
94662,94662,38,296,0.385490753911807,0.655418559377028,0.122370680951929,0.398293029871977,3,0.209998502199044,2,35,0.921052631578947,"Female","White","$100,000 - $149,999","East North Central",3,3.5,4.6666665,4.4444447,2.625,1
94862,94862,30,203,0.397701149425287,0.635262449528937,0.134433043503825,0.429885057471264,3,0.298222459821578,1,30,1,"Male","White","$150,000 - $199,999","West North Central",3.5,2.9000001,3.5555556,3.6666667,2.75,1
95026,95026,34,244,0.422459893048128,0.732973893303065,0.090917977989259,0.335115864527629,3,0.327164450141537,1,34,1,"Male","White","$100,000 - $149,999","East North Central",3.625,4.3000002,3.7777777,4,2.875,1
95374,95374,66,590,0.258275058275058,0.707889566745942,0.193122535136395,0.218648018648019,5,0.552522514303588,1,66,1,"Male","White","$50,000 - $74,999","East North Central",4.25,3.4000001,3.5555556,3.4444444,3.375,0
95444,95444,20,94,0.494736842105263,0.764828303850156,0.268251036949098,0.347368421052632,4,0.163139429606157,1,20,1,"Female","White","$250,000 or more","South Atlantic",4.875,2.8,3.5555556,NA,3.75,2
95490,95490,45,361,0.315151515151515,0.632019338043882,0.153264947470917,0.503030303030303,3,0.294008875739645,3,42,0.933333333333333,"Female","Latino/a","$250,000 or more","South Atlantic",3.5,2.9000001,3.6666667,3,2,1
95543,95543,68,364,0.153204565408253,0.550112359550562,0.278955301463142,0.339332748024583,5,0.539252551292682,1,68,1,"Male","White","$100,000 - $149,999","South Atlantic",2.875,3.4000001,4.6666665,3.2222223,1.75,0
95559,95559,39,210,0.269905533063428,0.645393068469992,0.410549043305276,0.335357624831309,4,0.3859875,1,39,1,"Male","Latino/a","$100,000 - $149,999","East North Central",2.625,2.9000001,4.1111112,3.6666667,2.375,2
95585,95585,21,37,0.176190476190476,0.967741935483871,0.0210526315789474,0.0738095238095238,1,0.673484295105917,6,6,0.285714285714286,"Male","Asian-American","$50,000 - $74,999","East North Central",2.5,3.0999999,3.3333333,3,3.375,1
95930,95930,31,98,0.208602150537634,0.683257918552036,0.243681644026472,0.324731182795699,3,0.563768732065044,2,20,0.645161290322581,"Female","White","$250,000 or more","East North Central",3.625,2.8,3.5555556,4,2.875,0
96184,96184,58,306,0.168784029038113,0.626063183475091,0.0841291640998203,0.28735632183908,4,0.557264166698783,5,39,0.672413793103448,"Female","White","$100,000 - $149,999","East North Central",2.25,3.7,3.4444444,4.2222223,3.25,0
96469,96469,63,412,0.200204813108039,0.700708285290726,0.560775387421129,0.461085509472606,5,0.508411771246918,1,63,1,"Female","White","$25,000 - $49,999","West South Central",3.75,3,3.4444444,3.6666667,2.125,0
96543,96543,24,150,0.481884057971015,0.678927680798005,0.0784979485249216,0.38768115942029,3,0.195686584883261,1,24,1,"Male","White","$250,000 or more","Middle Atlantic",4.5,3,4.1111112,3.5555556,2.625,1
96610,96610,20,100,0.421052631578947,0.704166666666667,0.0849052455700655,0.315789473684211,3,0.2496875,3,18,0.9,"Female","White","$150,000 - $199,999","East North Central",2.625,2.7,4.2222223,3.8888888,1.875,1
96613,96613,25,189,0.503333333333333,0.826659641728135,0.278785731344608,0.33,3,0.234353756414192,1,25,1,"Male","White","$200,000 - $249,999","West North Central",4.125,2.5999999,3.7777777,4,2.25,2
96689,96689,40,155,0.194871794871795,0.495412844036697,0.187969175823427,0.420512820512821,3,0.386513157894737,2,36,0.9,"Female","White","$200,000 - $249,999","Middle Atlantic",3.875,2.5999999,4.3333335,3.3333333,3.25,1
96828,96828,22,115,0.424242424242424,0.684331797235023,0.112057733146169,0.242424242424242,3,0.349437734277384,1,22,1,"Female","White","$250,000 or more","Pacific",3.625,3.3,4.2222223,4.3333335,2,1
97050,97050,32,151,0.286290322580645,0.582773365913256,0.276948979259073,0.55241935483871,3,0.258951596905376,2,31,0.96875,"Female","Asian-American","$50,000 - $74,999","Pacific",4,3.3,4,4,3.5,2
97280,97280,33,111,0.204545454545455,0.838038632986627,0.196698588709677,0.107954545454545,4,0.680898491083676,3,21,0.636363636363636,"Male","White","$150,000 - $199,999","Pacific",3.625,2.8,3.1111112,3.7777777,2.75,0
97448,97448,83,478,0.128416103438143,0.655939610647596,0.138043871636582,0.334998530708199,5,0.446470369536417,21,63,0.759036144578313,"Male","White","$25,000 - $49,999","East North Central",4.75,3.7,3.7777777,3.6666667,1.5,0
97596,97596,60,406,0.212429378531073,0.547801147227533,0.128998716887824,0.329943502824859,4,0.36674895314622,1,60,1,"Female","Foreign Student","$200,000 - $249,999","",2.875,2.5999999,3.4444444,4.5555553,3.75,0
97833,97833,38,228,0.317211948790896,0.827433628318584,0.500181054235108,0.196301564722617,5,0.480997003760381,1,38,1,"Male","White","$250,000 or more","Pacific",3.125,3,3.7777777,3.7777777,1.75,2
97844,97844,36,222,0.319047619047619,0.543973941368078,0.337487909449494,0.680952380952381,2,0.288173560060395,1,36,1,"Male","Latino/a","$100,000 - $149,999","East North Central",4.625,3.0999999,4.4444447,3.5555556,2.5,2
97990,97990,45,172,0.167676767676768,0.585053380782918,0.372405499075209,0.400505050505051,5,0.530646683118014,1,45,1,"Female","Foreign Student","","",3.125,3.3,4.2222223,3.3333333,2.375,0
98117,98117,79,222,0.0688088283024992,0.625730994152047,0.0915964377502839,0.213242453748783,9,0.660989231043076,5,38,0.481012658227848,"Male","Foreign Student","less than $25,000","Pacific",3.5,3,3.2222223,3.5555556,2.25,0
98206,98206,38,266,0.324324324324324,0.62993762993763,0.0819919344079136,0.324324324324324,4,0.290387426900585,2,37,0.973684210526316,"Female","White","$75,000 - $99,999","East South Central",3.125,2.9000001,2.8888888,4.8888888,3,1
98325,98325,26,125,0.369230769230769,0.700848111025443,0.192537777777778,0.430769230769231,3,0.251423611111111,1,26,1,"Female","White","$250,000 or more","East North Central",3.75,3.4000001,4.5555553,3.4444444,3,1
98462,98462,56,533,0.276623376623377,0.68785046728972,0.10413400838205,0.450649350649351,4,0.221563732945403,3,51,0.910714285714286,"Male","White","$150,000 - $199,999","East North Central",3.875,2.5999999,4.4444447,4.2222223,2.625,0
98624,98624,11,19,0.345454545454545,0.575342465753425,0.257407407407407,0.454545454545455,2,0.178670360110803,2,9,0.818181818181818,"Female","White","$25,000 - $49,999","East North Central",2.625,3.0999999,3,4.4444447,3.625,1
98700,98700,32,145,0.241935483870968,0.583397386625673,0.116145836439648,0.467741935483871,3,0.265138888888889,5,24,0.75,"Female","White","$250,000 or more","South Atlantic",4,2.5999999,3.5555556,4.7777777,3.75,1
98760,98760,29,114,0.266009852216749,0.764453961456103,0.479891030486269,0.269704433497537,6,0.367155349794239,1,29,1,"Male","White","$75,000 - $99,999","East North Central",2.375,3.7,3.3333333,3.8888888,2.625,2
98766,98766,49,388,0.280612244897959,0.763102322902668,0.0409391498276117,0.261054421768707,3,0.440179063360882,3,35,0.714285714285714,"Male","White","$250,000 or more","West North Central",4.375,2.5999999,3.7777777,4.4444447,1.75,1
99733,99733,32,129,0.243951612903226,0.714832535885167,0.3403890347907,0.336693548387097,4,0.428078683150058,1,32,1,"Female","White","$75,000 - $99,999","East North Central",3.125,3.2,3.6666667,3.5555556,3.125,2
99978,99978,36,291,0.384126984126984,0.632148377125193,0.0685188525311289,0.387301587301587,4,0.220613346082918,2,35,0.972222222222222,"Male","White","$100,000 - $149,999","Pacific",3.5,3.4000001,3.7777777,4,2,1
