,Extraversion_1,Extraversion_1,Extraversion_1,Extraversion_1,Extraversion_1,Extraversion_1,Openness_1,Openness_1,Openness_1,Openness_1,Openness_1,Openness_1,Agreeableness_1,Agreeableness_1,Agreeableness_1,Agreeableness_1,Agreeableness_1,Agreeableness_1,Conscientiousness_1,Conscientiousness_1,Conscientiousness_1,Conscientiousness_1,Conscientiousness_1,Conscientiousness_1,Neuroticism_1,Neuroticism_1,Neuroticism_1,Neuroticism_1,Neuroticism_1,Neuroticism_1
,count,mean,std,min,50%,max,count,mean,std,min,50%,max,count,mean,std,min,50%,max,count,mean,std,min,50%,max,count,mean,std,min,50%,max
cluster_km,,,,,,,,,,,,,,,,,,,,,,,,,,,,,,
0,190.0,3.344078947368421,0.7169396446366989,1.75,3.375,4.875,190.0,3.2457894789473682,0.4965043564943085,2.0999999,3.3,4.5,190.0,3.7578947447368423,0.5420411524308535,2.4444444,3.7777777,5.0,189.0,3.6472663158730154,0.5612730670578091,2.0,3.6666667,5.0,190.0,2.8657894736842104,0.6396412336811302,1.25,2.875,4.125
1,176.0,3.3941761363636362,0.7099332183473225,1.625,3.375,5.0,176.0,3.2045454573863634,0.4606601631312482,1.9,3.2,4.1999998,176.0,3.780934356818182,0.5536384668041898,2.2222223,3.7777777,5.0,175.0,3.6939682645714287,0.5882122438969365,2.1111112,3.6666667,5.0,176.0,2.7592329545454546,0.6763900879938762,1.0,2.75,4.5
2,288.0,3.3567708333333335,0.7341485074038802,1.5,3.375,5.0,288.0,3.1201388878472223,0.517442103467497,1.7,3.0999999,4.4000001,288.0,3.771604949305555,0.5153935060901448,2.3333333,3.7777777,5.0,287.0,3.6566008616724734,0.5850612666442283,1.8888888,3.6666667,5.0,288.0,2.8346354166666665,0.6627111108481867,1.0,2.875,4.5
3,49.0,3.4030612244897958,0.8425011228519537,1.5,3.5,5.0,49.0,3.144897951020408,0.4477076726157962,2.3,3.0999999,4.1999998,49.0,3.5464852571428573,0.705226195567966,1.8888888,3.6666667,4.8888888,49.0,3.5147392285714285,0.6653899102429119,2.3333333,3.3333333,4.8888888,49.0,2.836734693877551,0.8467170369410659,1.25,2.75,5.0
